Standard_Squad,Standard_No_Pl,Standard_Age,Standard_Poss,Standard_Playing_Time_MP,Standard_Playing_Time_Starts,Standard_Playing_Time_Min,Standard_Performance_Gls,Standard_Performance_Ast,Standard_Performance_G_Plus_A,Standard_Performance_G_PK,Standard_Performance_PK,Standard_Performance_PKatt,Standard_Performance_CrdY,Standard_Performance_CrdR,Standard_Expected_xG,Standard_Expected_npxG,Standard_Expected_xAG,Standard_Expected_npxG_Plus_xAG,Standard_Progression_PrgC,Standard_Progression_PrgP,Standard_Per_90_Minutes_Gls,Standard_Per_90_Minutes_Ast,Standard_Per_90_Minutes_G_Plus_A,Standard_Per_90_Minutes_G_PK,Standard_Per_90_Minutes_G_Plus_A_PK,Standard_Per_90_Minutes_xG,Standard_Per_90_Minutes_xAG,Standard_Per_90_Minutes_xG_Plus_xAG,Standard_Per_90_Minutes_npxG,Standard_Per_90_Minutes_npxG_Plus_xAG,Standard_Team_ID,Shooting_Standard_Sh,Shooting_Standard_SoT,Shooting_Standard_SoT_Pct,Shooting_Standard_Sh_per90,Shooting_Standard_SoT_per90,Shooting_Standard_G_perSh,Shooting_Standard_G_perSoT,Shooting_Standard_Dist,Shooting_Standard_FK,Shooting_Expected_npxG_perSh,Shooting_Expected_G_xG,Shooting_Expected_np_G_xG,Passing_Total_Cmp,Passing_Total_Att,Passing_Total_Cmp_Pct,Passing_Total_TotDist,Passing_Total_PrgDist,Passing_Short_Cmp,Passing_Short_Att,Passing_Short_Cmp_Pct,Passing_Medium_Cmp,Passing_Medium_Att,Passing_Medium_Cmp_Pct,Passing_Long_Cmp,Passing_Long_Att,Passing_Long_Cmp_Pct,Passing_xA,Passing_A_xAG,Passing_KP,Passing_One_Third,Passing_PPA,Passing_CrsPA,Pass_Types_Pass_Types_Live,Pass_Types_Pass_Types_Dead,Pass_Types_Pass_Types_FK,Pass_Types_Pass_Types_TB,Pass_Types_Pass_Types_Sw,Pass_Types_Pass_Types_Crs,Pass_Types_Pass_Types_TI,Pass_Types_Pass_Types_CK,Pass_Types_Corner_Kicks_In,Pass_Types_Corner_Kicks_Out,Pass_Types_Corner_Kicks_Str,Pass_Types_Outcomes_Off,Pass_Types_Outcomes_Blocks,Goal_And_Shot_Creation_SCA,Goal_And_Shot_Creation_SCA_SCA90,Goal_And_Shot_Creation_SCA_Types_PassLive,Goal_And_Shot_Creation_SCA_Types_PassDead,Goal_And_Shot_Creation_SCA_Types_TO,Goal_And_Shot_Creation_SCA_Types_Sh,Goal_And_Shot_Creation_SCA_Types_Fld,Goal_And_Shot_Creation_SCA_Types_Def,Goal_And_Shot_Creation_GCA,Goal_And_Shot_Creation_GCA_GCA90,Goal_And_Shot_Creation_GCA_Types_PassLive,Goal_And_Shot_Creation_GCA_Types_PassDead,Goal_And_Shot_Creation_GCA_Types_TO,Goal_And_Shot_Creation_GCA_Types_Sh,Goal_And_Shot_Creation_GCA_Types_Fld,Goal_And_Shot_Creation_GCA_Types_Def,Defensive_Tackles_Tkl,Defensive_Tackles_TklW,Defensive_Tackles_Def_3rd,Defensive_Tackles_Mid_3rd,Defensive_Tackles_Att_3rd,Defensive_Challenges_Tkl,Defensive_Challenges_Att,Defensive_Challenges_Tkl_Pct,Defensive_Challenges_Lost,Defensive_Blocks,Defensive_Blocks_Sh,Defensive_Blocks_Pass,Defensive_Int,Defensive_Tkl_Plus_Int,Defensive_Clr,Defensive_Err,Possession_Touches,Possession_Touches_Def_Pen,Possession_Touches_Def_3rd,Possession_Touches_Mid_3rd,Possession_Touches_Att_3rd,Possession_Touches_Att_Pen,Possession_Touches_Live,Possession_Take_Ons_Att,Possession_Take_Ons_Succ,Possession_Take_Ons_Succ_Pct,Possession_Take_Ons_Tkld,Possession_Take_Ons_Tkld_Pct,Possession_Carries,Possession_Carries_TotDist,Possession_Carries_PrgDist,Possession_Carries_One_Third,Possession_Carries_CPA,Possession_Carries_Mis,Possession_Carries_Dis,Possession_Receiving_Rec,Possession_Receiving_PrgR,Playing_Time_Playing_Time_Mn_perMP,Playing_Time_Playing_Time_Min_Pct,Playing_Time_Starts_Mn_perStart,Playing_Time_Starts_Compl,Playing_Time_Subs,Playing_Time_Subs_Mn_perSub,Playing_Time_Subs_unSub,Playing_Time_Team_Success_PPM,Playing_Time_Team_Success_onG,Playing_Time_Team_Success_onGA,Playing_Time_Team_Success_Plus_per,Playing_Time_Team_Success_Plus_per_90,Playing_Time_Team_Success_xG_onxGA,Playing_Time_Team_Success_xG_xG_Plus_per,Playing_Time_Team_Success_xG_xG_Plus_per_90,Misc_Performance_2CrdY,Misc_Performance_Fls,Misc_Performance_Fld,Misc_Performance_PKwon,Misc_Performance_PKcon,Misc_Performance_OG,Misc_Performance_Recov,Misc_Aerial_Duels_Won,Misc_Aerial_Duels_Lost,Misc_Aerial_Duels_Won_Pct,League
Arsenal,26,24.7,59.3,38,418,3420,84,64,148,81,3,4,51,0,71.9,69.1,53.8,122.9,824,2049,2.21,1.68,3.89,2.13,3.82,1.89,1.41,3.31,1.82,3.23,18bb7c10,589,194,32.9,15.5,5.11,0.14,0.42,16.0,16,0.12,12.1,11.9,18281,21969,83.2,310206,100635,8542,9478,90.1,7825,8821,88.7,1454,2548,57.1,46.8,10.2,443,1637,459,62,20293,1620,516,86,97,674,615,223,154,8,3,56,379,1045,27.5,776,78,57,73,43,18,150,3.95,121,6,5,13,3,2,568,343,238,212,118,249,506,49.2,257,362,86,276,237,805,599,22,25909,1994,6632,11452,8015,1296,25905,751,351,46.7,290,38.6,15923,84011,44201,583,281,526,378,18101,2024,90,100,85,270,150,15,192,2.21,88,43,45,1.18,42.0,29.9,0.79,0,373,435,3,5,1,1984,486,559,46.5,EPL
Aston Villa,26,27.0,49.3,38,418,3420,49,35,84,46,3,4,80,1,50.2,47.2,38.8,86.0,637,1242,1.29,0.92,2.21,1.21,2.13,1.32,1.02,2.34,1.24,2.26,8602292d,427,145,34.0,11.24,3.82,0.11,0.32,18.0,18,0.11,-1.2,-1.2,13782,17396,79.2,244084,87581,6109,6945,88.0,5981,6936,86.2,1345,2579,52.2,31.6,-3.8,318,964,268,80,15544,1794,599,54,101,561,684,162,97,19,4,58,325,751,19.76,565,50,48,38,40,10,84,2.21,55,2,6,12,6,3,633,338,305,251,77,313,646,48.5,333,438,118,320,324,957,714,13,21501,2783,7912,9077,4706,746,21496,681,292,42.9,279,41.0,12294,65583,33156,434,174,565,371,13587,1227,90,100,83,274,144,20,193,1.61,51,46,5,0.13,52.5,-2.2,-0.06,0,417,498,4,6,4,1847,442,465,48.7,EPL
Bournemouth,31,26.3,40.4,38,418,3420,37,24,61,37,0,0,68,0,38.6,38.6,28.5,67.1,504,1006,0.97,0.63,1.61,0.97,1.61,1.02,0.75,1.76,1.02,1.76,4ba7cbea,358,126,35.2,9.42,3.32,0.1,0.29,15.5,14,0.11,-1.6,-1.6,11715,15381,76.2,206704,82672,5412,6278,86.2,4751,5644,84.2,1192,2491,47.9,26.3,-4.5,261,850,237,75,13607,1736,424,48,87,509,706,144,88,25,9,38,342,616,16.21,445,45,52,43,24,7,64,1.68,44,5,4,8,2,1,618,371,316,249,53,256,606,42.2,350,499,170,329,353,971,1027,10,19950,2934,8004,7933,4256,699,19950,735,321,43.7,344,46.8,10336,55322,27419,388,144,589,367,11617,986,90,100,84,279,141,19,201,1.03,37,71,-34,-0.89,63.9,-25.3,-0.67,0,391,365,0,7,3,1942,521,539,49.2,EPL
Brentford,25,26.2,43.8,38,418,3420,56,36,92,49,7,8,57,1,56.8,50.6,38.7,89.2,392,1131,1.47,0.95,2.42,1.29,2.24,1.49,1.02,2.51,1.33,2.35,cd051869,400,147,36.8,10.53,3.87,0.12,0.33,15.7,14,0.13,-0.8,-1.6,11317,15551,72.8,209961,87006,5142,6116,84.1,4475,5602,79.9,1438,2947,48.8,30.5,-2.7,284,922,279,87,13766,1713,453,53,107,661,738,163,83,34,12,72,303,702,18.47,475,99,32,45,44,7,98,2.58,65,8,4,8,11,2,587,337,270,228,89,253,599,42.2,346,456,168,288,341,928,822,12,19750,2632,7290,7802,4835,827,19742,597,264,44.2,248,41.5,10408,49009,23987,299,102,520,335,11203,1121,90,100,82,247,171,19,171,1.55,58,46,12,0.32,49.9,6.8,0.18,1,354,399,7,2,3,1959,665,618,51.8,EPL
Brighton,29,26.3,60.2,38,418,3420,68,46,114,62,6,6,58,0,73.3,68.9,52.2,121.2,809,1849,1.79,1.21,3.0,1.63,2.84,1.93,1.37,3.3,1.81,3.19,d07537b9,607,219,36.1,15.97,5.76,0.1,0.28,16.8,12,0.12,-5.3,-6.9,19210,22888,83.9,319736,106474,9346,10305,90.7,7892,8919,88.5,1463,2462,59.4,44.7,-6.2,480,1459,391,78,21109,1709,445,81,130,694,693,233,102,88,2,70,383,1074,28.26,819,73,80,63,27,12,114,3.0,83,3,12,9,6,1,616,340,270,242,104,266,560,47.5,294,392,104,288,303,919,432,15,26727,2471,7844,12212,6873,1102,26721,724,343,47.4,279,38.5,16331,83719,43965,547,250,558,324,18991,1828,90,100,83,277,143,19,199,1.63,72,53,19,0.5,50.2,23.1,0.61,0,427,407,4,7,6,2013,444,387,53.4,EPL
Chelsea,32,26.3,58.7,38,418,3420,37,27,64,34,3,3,81,3,49.5,47.2,38.6,85.8,829,1737,0.97,0.71,1.68,0.89,1.61,1.3,1.02,2.32,1.24,2.26,cff3d9bb,481,151,31.4,12.66,3.97,0.07,0.23,16.8,10,0.1,-12.5,-13.2,19147,22836,83.8,316440,104718,9510,10494,90.6,7700,8709,88.4,1461,2499,58.5,35.3,-11.6,376,1426,370,68,20995,1767,503,58,129,693,722,209,108,70,2,74,371,859,22.61,667,66,42,42,31,11,68,1.79,57,3,2,2,4,0,740,445,363,267,110,333,654,50.9,321,466,108,358,341,1081,661,20,27166,2564,8461,12056,6850,958,27163,833,375,45.0,352,42.3,16537,83505,43593,622,216,568,381,19065,1729,90,100,81,243,173,22,169,1.16,38,47,-9,-0.24,52.5,-3.0,-0.08,2,397,462,3,1,3,2024,493,453,52.1,EPL
Crystal Palace,26,26.7,46.3,38,418,3420,38,29,67,37,1,3,82,3,39.3,36.8,29.0,65.8,556,1243,1.0,0.76,1.76,0.97,1.74,1.03,0.76,1.8,0.97,1.73,47c64c55,423,133,31.4,11.13,3.5,0.09,0.28,17.6,23,0.09,-1.3,0.2,13395,17308,77.4,238779,88389,6005,6901,87.0,5794,6772,85.6,1309,2751,47.6,23.8,0.0,316,1013,239,51,15416,1834,525,41,118,591,763,186,84,60,5,58,350,746,19.63,497,67,56,49,59,18,67,1.76,43,6,6,6,4,2,690,421,354,246,90,281,532,52.8,251,463,119,344,359,1049,807,5,21713,2580,7668,9275,4991,766,21710,784,367,46.8,314,40.1,11687,60301,30015,393,206,643,457,13304,1238,90,100,84,277,138,17,204,1.18,40,49,-9,-0.24,48.1,-8.8,-0.23,2,446,479,2,4,3,2093,496,578,46.2,EPL
Everton,28,26.6,42.8,38,418,3420,32,24,56,29,3,3,81,2,45.2,42.8,32.4,75.1,500,1052,0.84,0.63,1.47,0.76,1.39,1.19,0.85,2.04,1.13,1.98,d3fd31cc,426,143,33.6,11.21,3.76,0.07,0.2,16.8,12,0.1,-13.2,-13.8,11790,15783,74.7,214056,82478,5336,6174,86.4,4771,5750,83.0,1366,2947,46.4,26.9,-8.4,308,964,224,67,13984,1735,434,39,93,704,707,174,138,28,0,64,311,735,19.34,495,84,37,54,45,20,59,1.55,41,5,5,2,4,2,708,424,362,257,89,309,611,50.6,302,510,180,330,390,1098,874,17,20233,2527,7219,8417,4830,742,20229,669,305,45.6,296,44.2,10479,56737,27858,391,137,605,300,11708,1042,90,100,84,300,116,20,225,0.95,34,57,-23,-0.61,65.7,-20.5,-0.54,1,396,382,3,6,0,2049,582,613,48.7,EPL
Fulham,29,28.2,48.8,38,418,3420,52,33,85,47,5,9,80,1,46.2,39.1,28.5,67.7,662,1326,1.37,0.87,2.24,1.24,2.11,1.22,0.75,1.97,1.03,1.78,fd962109,420,137,32.6,11.05,3.61,0.11,0.34,17.3,17,0.1,5.8,7.9,13974,18014,77.6,255629,89303,5867,6818,86.1,6222,7333,84.8,1551,2860,54.2,23.7,4.5,306,1044,284,97,16136,1818,471,20,157,769,795,182,70,69,2,60,393,751,19.76,528,78,29,54,47,15,90,2.37,56,9,5,11,7,2,623,349,294,228,101,299,578,51.7,279,455,125,330,340,963,749,13,22160,2563,7461,9519,5414,758,22151,592,269,45.4,238,40.2,12249,68133,35319,471,124,536,379,13846,1316,90,100,84,265,152,15,190,1.37,55,53,2,0.05,63.8,-17.6,-0.46,0,411,405,8,8,2,1979,511,550,48.2,EPL
Leeds United,29,25.3,47.0,38,418,3420,45,31,76,44,1,3,89,3,47.4,45.0,31.9,76.9,555,1429,1.18,0.82,2.0,1.16,1.97,1.25,0.84,2.09,1.18,2.02,5bfb9659,459,141,30.7,12.08,3.71,0.1,0.31,16.6,19,0.1,-2.4,-1.0,12437,16924,73.5,206567,84295,6115,7225,84.6,4782,5973,80.1,1072,2528,42.4,27.3,-0.9,337,1086,270,70,14953,1911,484,41,87,653,837,199,93,68,4,60,414,783,20.61,535,99,32,54,48,15,69,1.82,43,7,4,9,3,3,840,480,376,343,121,412,863,47.7,451,536,131,405,392,1232,734,18,21642,2125,6971,9290,5587,796,21639,688,268,39.0,328,47.7,11342,55021,27062,379,146,602,421,12329,1418,90,100,82,260,157,21,185,0.82,48,78,-30,-0.79,67.2,-19.8,-0.52,2,467,405,2,6,1,2206,586,607,49.1,EPL
Leicester City,28,26.1,47.7,38,418,3420,49,36,85,46,3,6,63,2,50.6,45.8,38.5,84.2,580,1304,1.29,0.95,2.24,1.21,2.16,1.33,1.01,2.34,1.2,2.22,a2d435b3,412,142,34.5,10.84,3.74,0.11,0.32,17.7,14,0.11,-1.6,0.2,14887,18871,78.9,249219,89055,7245,8221,88.1,6087,7165,85.0,1165,2422,48.1,26.3,-2.5,319,1142,220,52,17049,1739,464,76,93,496,724,135,70,41,6,83,393,744,19.58,540,52,50,50,38,14,87,2.29,59,2,8,8,7,3,700,412,345,292,63,308,669,46.0,361,517,170,347,367,1067,777,11,23125,2681,8408,10293,4641,688,23119,620,291,46.9,245,39.5,12503,63356,31619,363,175,548,313,14797,1294,90,100,82,278,138,23,203,0.89,51,68,-17,-0.45,63.4,-12.8,-0.34,2,410,397,5,5,5,2013,512,558,47.9,EPL
Liverpool,28,27.4,60.8,38,418,3420,71,58,129,69,2,4,57,1,72.6,69.5,56.7,126.1,719,1992,1.87,1.53,3.39,1.82,3.34,1.91,1.49,3.4,1.83,3.32,822bd0ba,601,203,33.8,15.82,5.34,0.11,0.34,16.2,7,0.12,-1.6,-0.5,20043,24361,82.3,352929,120466,9023,10114,89.2,8561,9758,87.7,1962,3283,59.8,52.3,1.3,458,1615,452,85,22466,1811,416,103,198,799,860,235,56,155,1,84,383,1046,27.53,778,85,55,75,33,20,129,3.39,97,9,7,8,7,1,590,370,228,250,112,281,648,43.4,367,350,74,276,333,923,568,19,28399,2310,8119,13329,7149,1252,28395,691,320,46.3,282,40.8,17146,82458,41527,569,234,584,413,19921,1974,90,100,82,253,164,20,178,1.76,75,47,28,0.74,50.9,21.7,0.57,0,405,321,3,4,2,2211,482,455,51.4,EPL
Manchester City,24,27.2,64.7,38,418,3420,92,69,161,83,9,10,44,1,78.7,71.1,57.6,128.7,987,2073,2.42,1.82,4.24,2.18,4.0,2.07,1.52,3.59,1.87,3.39,b8fd03ef,590,205,34.7,15.53,5.39,0.14,0.4,16.6,20,0.12,13.3,11.9,23263,26642,87.3,396454,114920,11020,11888,92.7,9848,10836,90.9,1932,2849,67.8,57.6,11.4,464,1770,445,75,25047,1544,440,94,177,742,614,238,72,87,11,51,350,1099,28.92,826,81,53,76,49,14,168,4.42,130,7,8,9,12,2,471,272,185,198,88,212,455,46.6,243,339,95,244,223,694,402,8,29895,2170,7410,14372,8301,1277,29885,702,334,47.6,239,34.0,19120,104039,56163,753,279,406,298,22992,2054,90,100,84,294,123,19,219,2.34,94,33,61,1.61,32.1,46.6,1.23,0,347,384,9,3,1,1866,438,364,54.6,EPL
Manchester Utd,26,26.9,53.7,38,418,3420,56,42,98,53,3,3,78,2,67.7,65.3,52.2,117.5,711,1595,1.47,1.11,2.58,1.39,2.5,1.78,1.37,3.15,1.72,3.09,19538871,590,206,34.9,15.53,5.42,0.09,0.26,17.8,20,0.11,-11.7,-12.3,16603,20525,80.9,276625,97026,8273,9294,89.0,6359,7306,87.0,1438,2651,54.2,44.6,-10.2,478,1268,398,57,18827,1619,325,105,165,517,715,196,71,47,4,79,420,1051,27.66,840,58,46,63,35,9,99,2.61,79,3,8,5,4,0,658,400,343,231,84,301,598,50.3,297,496,146,350,352,1010,771,10,24848,2639,8093,10389,6570,1036,24845,730,317,43.4,338,46.3,14245,70351,37126,515,239,497,293,16447,1578,90,100,83,269,149,19,192,1.97,58,43,15,0.39,50.4,17.3,0.45,0,424,297,2,3,1,2190,465,434,51.7,EPL
Newcastle Utd,27,27.3,52.3,38,418,3420,64,42,106,58,6,6,61,1,72.0,67.4,51.9,119.3,694,1618,1.68,1.11,2.79,1.53,2.63,1.89,1.37,3.26,1.77,3.14,b2b47a98,565,184,32.6,14.87,4.84,0.1,0.32,15.6,15,0.12,-8.0,-9.4,13925,17837,78.1,246297,90893,6433,7370,87.3,5580,6605,84.5,1523,2774,54.9,45.0,-9.9,435,1083,403,64,16020,1746,447,88,142,740,728,270,106,90,15,71,370,1008,26.53,690,110,62,77,57,12,106,2.79,64,6,15,10,6,5,607,360,268,254,85,307,642,47.8,335,448,116,332,333,940,680,10,22106,2088,6757,9053,6516,1161,22100,783,349,44.6,322,41.1,12021,64166,32968,493,227,576,363,13803,1599,90,100,84,263,155,16,185,1.87,68,33,35,0.92,39.6,32.4,0.85,0,406,399,2,5,2,2065,553,427,56.4,EPL
Nott'ham Forest,33,26.5,37.6,38,418,3420,36,22,58,33,3,6,84,0,39.3,34.6,26.3,61.0,435,859,0.95,0.58,1.53,0.87,1.45,1.03,0.69,1.73,0.91,1.6,e4a775cb,362,111,30.7,9.53,2.92,0.09,0.3,17.2,9,0.1,-3.3,-1.6,9543,13606,70.1,177315,72656,4046,4952,81.7,4071,5126,79.4,1187,2708,43.8,20.5,-4.3,246,660,172,50,11801,1738,446,31,66,530,720,128,65,53,1,67,313,593,15.61,416,59,31,38,36,13,54,1.42,31,5,4,11,3,0,659,387,380,201,78,296,584,50.7,288,500,156,344,349,1008,944,6,17912,2715,7420,6953,3755,611,17906,569,254,44.6,235,41.3,8674,46411,24008,308,111,537,275,9452,847,90,100,82,261,159,21,183,1.0,38,68,-30,-0.79,64.2,-24.9,-0.66,0,445,390,3,9,0,1902,560,600,48.3,EPL
Southampton,36,24.7,44.5,38,418,3420,36,25,61,34,2,4,73,0,37.7,34.5,28.2,62.7,588,1125,0.95,0.66,1.61,0.89,1.55,0.99,0.74,1.73,0.91,1.65,33c895d4,413,132,32.0,10.87,3.47,0.08,0.26,18.1,17,0.09,-1.7,-0.5,12319,16391,75.2,211636,79814,5972,6925,86.2,4830,5823,82.9,1170,2625,44.6,26.0,-3.2,302,938,239,71,14585,1749,426,38,87,613,752,157,63,65,2,57,375,718,18.89,493,77,46,51,38,13,61,1.61,35,5,7,5,6,3,713,426,377,279,57,297,609,48.8,312,542,165,377,428,1141,852,10,21095,2639,7452,8998,4880,712,21091,756,358,47.4,318,42.1,11323,61000,29819,453,131,567,400,12216,1112,90,100,81,243,175,22,167,0.66,36,73,-37,-0.97,61.0,-23.3,-0.61,0,430,378,3,3,5,2130,551,611,47.4,EPL
Tottenham,29,27.6,50.0,38,418,3420,68,46,114,63,5,6,77,3,57.1,52.4,43.1,95.5,692,1449,1.79,1.21,3.0,1.66,2.87,1.5,1.13,2.64,1.38,2.51,361ca564,512,186,36.3,13.47,4.89,0.12,0.34,16.7,13,0.1,10.9,10.6,15972,19672,81.2,277567,92697,7333,8180,89.6,6707,7682,87.3,1499,2669,56.2,34.0,2.9,386,1071,323,104,17950,1655,404,74,165,719,664,203,113,51,0,67,414,910,23.95,692,60,46,55,38,19,116,3.05,84,7,7,9,7,2,619,353,325,215,79,275,574,47.9,299,428,148,280,340,959,762,19,23836,2734,8571,10329,5135,842,23830,663,303,45.7,288,43.4,13676,71282,36837,465,189,521,356,15864,1436,90,100,85,278,140,15,202,1.58,70,63,7,0.18,49.7,7.4,0.2,1,424,353,5,4,1,1984,549,474,53.7,EPL
West Ham,25,28.2,42.1,38,418,3420,41,25,66,35,6,8,44,0,49.2,43.7,32.7,76.4,614,1274,1.08,0.66,1.74,0.92,1.58,1.29,0.86,2.15,1.15,2.01,7c21e445,466,133,28.5,12.26,3.5,0.08,0.26,17.3,13,0.1,-8.2,-8.7,12369,16357,75.6,219013,84296,5883,6778,86.8,4784,5831,82.0,1383,2753,50.2,26.8,-7.7,340,990,212,80,14625,1670,347,41,162,768,722,206,129,57,1,62,390,817,21.5,586,81,39,61,35,15,67,1.76,41,6,5,9,6,0,607,335,289,226,92,269,558,48.2,289,415,139,276,408,1015,810,10,20411,2362,6898,8702,4994,756,20403,607,242,39.9,266,43.8,10539,57433,28201,413,165,460,355,12256,1266,90,100,84,286,132,20,204,1.05,42,55,-13,-0.34,53.0,-3.9,-0.1,0,362,316,6,6,1,2023,620,587,51.4,EPL
Wolves,32,26.7,49.9,38,418,3420,28,12,40,25,3,3,85,6,36.8,34.5,25.4,59.9,610,1343,0.74,0.32,1.05,0.66,0.97,0.97,0.67,1.64,0.91,1.58,8cec06e1,409,119,29.1,10.76,3.13,0.06,0.21,18.0,18,0.09,-8.8,-9.5,14554,18294,79.6,264071,87310,6350,7195,88.3,6306,7257,86.9,1574,2890,54.5,21.0,-13.4,294,1110,252,71,16575,1657,430,49,149,661,663,185,61,86,2,62,355,713,18.76,521,62,30,47,42,11,44,1.16,32,1,3,6,1,1,661,370,364,222,75,286,609,47.0,323,497,175,322,279,940,817,18,22539,2921,8544,9262,4960,686,22536,772,375,48.6,302,39.1,12373,67215,35065,421,142,516,327,14452,1331,90,100,80,248,165,24,175,1.08,31,58,-27,-0.71,59.9,-23.1,-0.61,1,463,389,1,4,1,2052,465,542,46.2,EPL
Almería,29,26.4,45.1,38,418,3420,49,33,82,47,2,3,98,4,45.5,43.2,32.5,75.6,569,1090,1.29,0.87,2.16,1.24,2.11,1.2,0.85,2.05,1.14,1.99,78ecf4bb,439,155,35.3,11.55,4.08,0.11,0.3,18.1,21,0.1,3.5,3.8,12151,15855,76.6,225475,89276,5232,6003,87.2,5084,6022,84.4,1512,2911,51.9,28.1,0.5,316,846,218,81,13865,1907,552,49,132,605,750,147,58,59,1,83,308,758,19.95,533,73,51,51,33,17,76,2.0,51,7,8,7,3,0,557,322,292,202,63,280,623,44.9,343,435,122,313,322,879,855,13,20070,2715,7746,8468,4071,631,20067,666,296,44.4,310,46.5,10790,56980,29134,432,131,580,281,12047,1080,90,100,81,229,187,21,254,1.08,49,65,-16,-0.42,62.5,-17.0,-0.45,2,443,401,2,6,1,1890,482,530,47.6,La Liga
Athletic Club,26,27.4,51.6,38,418,3420,46,33,79,41,5,7,81,5,54.2,48.7,38.9,87.6,864,1816,1.21,0.87,2.08,1.08,1.95,1.43,1.02,2.45,1.28,2.31,2b390eca,541,157,29.0,14.24,4.13,0.08,0.26,17.1,13,0.09,-8.2,-7.7,14440,18630,77.5,261620,96037,6451,7431,86.8,6030,7262,83.0,1634,2878,56.8,35.7,-5.9,413,1385,341,107,16594,1940,502,44,191,918,835,257,66,123,1,96,386,945,24.87,678,96,56,59,40,16,78,2.05,54,3,6,7,7,1,608,369,267,254,87,322,642,50.2,320,415,95,320,310,918,598,14,22736,1978,6159,10166,6645,931,22729,734,347,47.3,305,41.6,12897,70948,39281,587,217,554,351,14284,1801,90,100,81,234,182,19,248,1.34,47,43,4,0.11,36.9,17.3,0.46,1,512,421,3,3,3,2194,532,487,52.2,La Liga
Atlético Madrid,27,28.5,50.6,38,418,3420,68,51,119,67,1,1,92,8,62.3,61.5,48.5,110.0,730,1571,1.79,1.34,3.13,1.76,3.11,1.64,1.28,2.91,1.62,2.89,db3b9613,538,195,36.2,14.16,5.13,0.12,0.34,17.0,9,0.12,5.7,5.5,16814,20488,82.1,277627,101839,8616,9432,91.3,6028,7038,85.6,1549,2765,56.0,40.0,2.5,418,1200,335,68,18630,1779,490,83,193,625,702,183,97,46,0,79,345,958,25.21,756,59,47,51,32,13,116,3.05,82,7,9,13,3,2,667,408,332,245,90,334,685,48.8,351,396,103,293,304,971,704,9,24416,2414,7789,11103,5714,934,24414,656,322,49.1,262,39.9,13702,67404,35788,473,200,486,277,16705,1557,90,100,81,245,168,22,201,2.03,70,33,37,0.97,41.3,20.9,0.55,3,440,418,0,5,0,1977,445,399,52.7,La Liga
Barcelona,29,25.9,64.3,38,418,3420,69,56,125,69,0,2,83,6,75.5,74.0,60.1,134.1,963,2180,1.82,1.47,3.29,1.82,3.29,1.99,1.58,3.57,1.95,3.53,206d90db,570,187,32.8,15.0,4.92,0.12,0.37,15.8,20,0.14,-6.5,-5.0,21293,24725,86.1,364326,115126,10262,11168,91.9,8599,9542,90.1,1990,2923,68.1,66.6,-4.1,449,1859,481,104,22828,1799,565,133,205,744,710,244,82,83,2,98,340,1049,27.61,824,65,62,58,29,11,125,3.29,106,2,6,11,0,0,522,324,211,216,95,227,496,45.8,269,353,82,271,253,775,439,17,28406,2019,6756,13998,7881,1152,28404,801,396,49.4,321,40.1,18798,101309,55608,784,279,546,325,21132,2166,90,100,81,246,168,23,227,2.32,70,20,50,1.32,33.2,42.3,1.11,3,433,452,0,3,3,1994,467,358,56.6,La Liga
Betis,30,28.6,50.6,38,418,3420,43,26,69,35,8,9,82,15,51.8,44.8,35.1,79.9,620,1272,1.13,0.68,1.82,0.92,1.61,1.36,0.92,2.29,1.18,2.1,fc536746,411,138,33.6,10.82,3.63,0.09,0.25,18.1,21,0.11,-8.8,-9.8,14678,18249,80.4,245275,92460,7288,8070,90.3,5334,6273,85.0,1432,2667,53.7,31.7,-9.1,310,988,270,54,16255,1920,634,62,137,514,740,152,46,76,1,74,376,741,19.5,547,55,53,44,35,7,69,1.82,47,3,5,9,5,0,665,421,373,238,54,338,701,48.2,363,411,112,299,364,1029,857,7,22480,2329,7273,10221,5227,718,22471,770,365,47.4,311,40.4,12640,63649,31063,492,156,564,353,14567,1259,90,100,81,242,165,21,254,1.58,46,41,5,0.13,50.1,1.8,0.05,3,414,535,4,3,1,1918,453,502,47.4,La Liga
Cádiz,38,29.1,41.9,38,418,3420,29,20,49,25,4,5,116,7,41.6,37.7,27.8,65.5,475,969,0.76,0.53,1.29,0.66,1.18,1.09,0.73,1.82,0.99,1.72,ee7c297c,390,108,27.7,10.26,2.84,0.06,0.23,18.2,12,0.1,-12.6,-12.7,9940,13952,71.2,190101,78677,4341,5147,84.3,3874,4864,79.6,1452,3117,46.6,24.7,-7.8,269,830,192,93,12025,1852,548,29,150,633,748,145,65,47,3,75,297,663,17.45,461,69,36,42,38,17,49,1.29,32,2,8,5,2,0,623,410,358,205,60,320,671,47.7,351,425,128,297,270,893,853,13,18156,2374,6497,7769,4091,579,18151,569,246,43.2,249,43.8,9031,48205,24623,350,89,567,354,9839,960,90,100,79,230,183,24,244,1.11,30,53,-23,-0.61,61.4,-19.9,-0.52,4,532,482,2,10,0,1953,606,651,48.2,La Liga
Celta Vigo,26,26.7,50.2,38,418,3420,41,31,72,39,2,3,85,6,42.8,40.4,30.9,71.4,704,1403,1.08,0.82,1.89,1.03,1.84,1.13,0.81,1.94,1.06,1.88,f25da7fb,470,160,34.0,12.37,4.21,0.08,0.24,19.0,19,0.09,-1.8,-1.4,14700,18499,79.5,267004,91075,6259,7148,87.6,6536,7569,86.4,1565,2844,55.0,31.6,0.1,353,1143,274,77,16495,1923,557,44,161,705,802,184,65,88,1,81,300,819,21.55,623,62,45,41,37,11,70,1.84,55,3,6,3,1,2,664,413,319,269,76,295,676,43.6,381,393,84,309,368,1032,666,5,22608,2214,7194,10099,5553,734,22605,700,323,46.1,295,42.1,13546,71269,36623,558,161,566,298,14591,1393,90,100,81,253,161,22,266,1.13,43,53,-10,-0.26,45.5,-2.8,-0.07,3,469,493,2,8,1,2031,458,539,45.9,La Liga
Elche,32,28.3,45.5,38,418,3420,30,21,51,26,4,5,99,12,37.5,33.6,27.1,60.7,561,1197,0.79,0.55,1.34,0.68,1.24,0.99,0.71,1.7,0.88,1.6,6c8b07df,400,124,31.0,10.53,3.26,0.07,0.21,16.9,10,0.09,-7.5,-7.6,12051,15758,76.5,218542,87460,5427,6202,87.5,4762,5677,83.9,1477,2793,52.9,26.2,-6.1,313,941,211,82,13769,1908,494,24,164,750,789,204,72,83,8,81,390,726,19.11,495,103,47,37,33,11,54,1.42,36,7,0,4,5,2,633,363,367,212,54,280,603,46.4,323,413,131,282,323,956,766,13,19948,2416,7058,8743,4363,619,19943,708,342,48.3,311,43.9,11274,60085,29395,408,107,577,345,11950,1185,90,100,79,234,177,24,242,0.66,30,67,-37,-0.97,70.0,-32.6,-0.86,3,525,394,4,10,2,1924,484,465,51.0,La Liga
Espanyol,33,27.6,43.1,38,418,3420,51,31,82,46,5,5,99,10,48.3,44.4,35.0,79.4,528,1146,1.34,0.82,2.16,1.21,2.03,1.27,0.92,2.19,1.17,2.09,a8661628,417,151,36.2,10.97,3.97,0.11,0.3,17.3,13,0.11,2.7,1.6,10827,14698,73.7,208293,86401,4483,5312,84.4,4607,5640,81.7,1483,2971,49.9,30.2,-4.0,319,906,233,83,12685,1951,574,34,115,713,744,179,75,60,3,62,298,735,19.34,506,79,43,53,41,13,84,2.21,58,2,5,13,3,3,652,379,330,239,83,301,600,50.2,299,416,134,282,338,990,788,9,18805,2216,6173,8355,4471,688,18800,575,257,44.7,260,45.2,9604,51135,25085,385,111,526,245,10712,1135,90,100,81,246,169,21,238,0.97,52,69,-17,-0.45,59.8,-11.5,-0.3,4,457,493,3,6,2,1791,647,596,52.1,La Liga
Getafe,25,27.4,39.9,38,418,3420,34,21,55,29,5,8,125,9,36.7,30.4,22.5,53.0,365,1003,0.89,0.55,1.45,0.76,1.32,0.96,0.59,1.56,0.8,1.39,7848bd64,365,116,31.8,9.61,3.05,0.08,0.25,18.0,19,0.09,-2.7,-1.4,9690,14126,68.6,189556,83925,4104,5044,81.4,3760,4936,76.2,1502,3175,47.3,24.0,-1.5,248,844,214,94,12118,1929,524,18,162,649,857,119,58,54,1,79,333,619,16.29,414,84,25,35,54,7,51,1.34,38,4,2,2,4,1,541,339,282,199,60,285,619,46.0,334,404,113,291,320,861,794,10,17947,1980,5769,8366,3992,589,17939,456,217,47.6,189,41.4,8694,41812,20506,292,78,504,268,9604,989,90,100,82,249,165,20,269,1.11,34,45,-11,-0.29,46.0,-9.4,-0.25,6,600,437,3,8,2,1871,714,697,50.6,La Liga
Girona,29,26.0,51.3,38,418,3420,55,41,96,47,8,9,92,3,50.4,43.6,37.2,80.8,725,1378,1.45,1.08,2.53,1.24,2.32,1.33,0.98,2.31,1.15,2.13,9024a00a,445,160,36.0,11.71,4.21,0.11,0.29,17.2,6,0.1,4.6,3.4,15146,18604,81.4,264810,95707,7006,7806,89.8,6295,7222,87.2,1449,2560,56.6,35.4,3.8,366,1086,265,91,16633,1884,576,32,135,713,742,145,66,53,1,87,319,821,21.61,597,86,41,45,43,9,102,2.68,70,10,1,5,13,3,551,321,271,213,67,244,532,45.9,288,379,111,268,266,817,662,20,22397,2619,7918,9753,4932,761,22388,728,341,46.8,311,42.7,13365,73974,38669,497,167,467,330,15020,1364,90,100,81,239,179,21,228,1.29,58,55,3,0.08,55.0,-4.6,-0.12,2,440,504,7,8,0,1836,428,435,49.6,La Liga
Mallorca,31,27.7,41.1,38,418,3420,36,27,63,32,4,5,120,5,35.2,31.1,26.5,57.7,476,948,0.95,0.71,1.66,0.84,1.55,0.93,0.7,1.62,0.82,1.52,2aa12281,324,107,33.0,8.53,2.82,0.1,0.3,17.4,8,0.1,0.8,0.9,10451,14261,73.3,199896,84037,4575,5313,86.1,4184,5157,81.1,1424,2932,48.6,23.1,0.5,252,815,182,69,12483,1701,497,29,150,635,649,139,49,68,0,77,306,563,14.82,373,76,33,30,42,9,63,1.66,37,11,4,4,5,2,583,344,318,213,52,283,581,48.7,298,402,146,256,318,901,859,7,18171,2351,6553,8032,3792,524,18166,556,293,52.7,198,35.6,9509,50982,24564,341,94,498,302,10356,935,90,100,82,250,165,19,280,1.32,37,43,-6,-0.16,46.4,-11.2,-0.3,0,611,457,4,7,0,1833,674,629,51.7,La Liga
Osasuna,26,27.5,48.0,38,418,3420,36,30,66,32,4,5,93,7,39.4,35.5,28.2,63.7,545,1356,0.95,0.79,1.74,0.84,1.63,1.04,0.74,1.78,0.93,1.68,03c57e2b,441,133,30.2,11.61,3.5,0.07,0.24,18.7,7,0.08,-3.4,-3.5,12725,16835,75.6,242236,95597,5565,6377,87.3,5130,6255,82.0,1759,3323,52.9,31.7,1.8,322,1140,271,114,14900,1875,523,26,197,794,799,159,64,65,3,60,345,779,20.5,564,77,53,41,30,14,69,1.82,53,7,0,5,4,0,534,328,256,196,82,266,588,45.2,322,392,97,295,315,849,749,10,20888,2287,6397,9352,5331,709,20883,626,313,50.0,247,39.5,11200,58263,28888,416,128,590,316,12580,1338,90,100,81,230,183,20,198,1.39,37,42,-5,-0.13,45.7,-6.3,-0.17,1,544,410,5,4,2,1930,613,628,49.4,La Liga
Rayo Vallecano,28,27.9,51.2,38,418,3420,41,29,70,37,4,8,90,6,43.9,37.8,30.0,67.8,703,1390,1.08,0.76,1.84,0.97,1.74,1.16,0.79,1.95,0.99,1.78,98e8af82,510,146,28.6,13.42,3.84,0.07,0.25,20.6,24,0.08,-2.9,-0.8,13497,17666,76.4,251321,91899,5811,6629,87.7,5654,6716,84.2,1717,3329,51.6,29.7,-1.0,386,1247,269,102,15514,2054,564,29,194,832,901,189,78,69,1,98,365,881,23.18,651,77,43,40,46,24,69,1.82,50,5,6,3,4,1,636,393,262,276,98,281,664,42.3,383,428,92,336,309,945,680,11,21773,2061,6266,9706,6029,699,21765,660,296,44.8,290,43.9,12216,65376,33507,547,131,554,374,13384,1377,90,100,82,231,183,18,267,1.29,45,53,-8,-0.21,49.9,-6.0,-0.16,2,544,490,2,5,4,2085,437,527,45.3,La Liga
Real Madrid,26,27.4,60.9,38,418,3420,73,56,129,64,9,12,72,3,75.5,66.1,56.8,122.9,1008,2017,1.92,1.47,3.39,1.68,3.16,1.99,1.49,3.48,1.74,3.23,53a2f082,634,206,32.5,16.68,5.42,0.1,0.31,18.6,32,0.11,-2.5,-2.1,22082,25012,88.3,357586,113878,11462,12245,93.6,8069,8810,91.6,1812,2595,69.8,56.6,-0.8,522,1880,384,50,23163,1760,555,65,242,574,653,226,83,53,1,89,353,1194,31.42,894,85,88,52,67,8,134,3.53,95,5,15,8,10,1,542,353,242,212,88,259,565,45.8,306,365,105,260,296,838,469,5,28884,2415,7781,12859,8464,1151,28872,971,475,48.9,379,39.0,19025,100381,53186,735,338,490,297,21956,2000,90,100,83,265,151,18,248,2.05,75,36,39,1.03,38.9,36.6,0.96,2,367,530,8,5,1,1843,339,231,59.5,La Liga
Real Sociedad,30,25.9,54.6,38,418,3420,47,36,83,45,2,4,90,2,52.7,49.6,39.5,89.1,692,1483,1.24,0.95,2.18,1.18,2.13,1.39,1.04,2.43,1.3,2.34,e31d1cd9,465,173,37.2,12.24,4.55,0.1,0.26,17.4,15,0.11,-5.7,-4.6,15324,19134,80.1,269422,96159,6955,7910,87.9,6451,7502,86.0,1505,2659,56.6,36.4,-3.5,346,1145,290,65,17244,1799,537,47,107,538,782,165,57,71,1,91,324,800,21.05,594,71,41,39,38,17,82,2.16,64,3,5,4,3,3,660,395,304,254,102,285,613,46.5,328,399,103,296,271,931,624,13,23231,2283,6890,10794,5762,798,23227,680,307,45.1,293,43.1,13362,70912,36738,499,187,607,368,15101,1463,90,100,81,238,178,22,267,1.87,51,35,16,0.42,33.4,19.3,0.51,0,621,452,4,2,2,2018,664,557,54.4,La Liga
Sevilla,35,28.7,52.6,38,418,3420,47,31,78,43,4,5,120,13,46.3,42.4,32.0,74.5,558,1513,1.24,0.82,2.05,1.13,1.95,1.22,0.84,2.06,1.12,1.96,ad2be733,463,141,30.5,12.18,3.71,0.09,0.3,18.1,17,0.09,0.7,0.6,15379,19193,80.1,273953,95369,7106,7918,89.7,6324,7354,86.0,1599,2958,54.1,34.0,-1.0,341,1230,302,95,17244,1843,526,36,209,827,746,174,42,81,1,106,307,837,22.03,640,74,26,41,39,17,82,2.16,56,8,7,6,5,0,587,367,261,230,96,281,591,47.5,310,361,127,234,339,926,633,9,22999,2284,7140,10069,5984,741,22994,604,269,44.5,257,42.5,13542,67133,32550,520,122,515,312,15242,1497,90,100,78,231,177,26,236,1.29,47,54,-7,-0.18,54.2,-7.9,-0.21,4,474,460,4,3,3,1973,497,475,51.1,La Liga
Valencia,28,24.2,52.0,38,418,3420,40,23,63,35,5,8,92,8,49.3,43.0,32.5,75.5,786,1472,1.05,0.61,1.66,0.92,1.53,1.3,0.86,2.15,1.13,1.99,dcc91a7b,481,141,29.3,12.66,3.71,0.07,0.25,17.4,18,0.09,-9.3,-8.0,13592,17492,77.7,240816,86465,6320,7184,88.0,5505,6588,83.6,1420,2753,51.6,35.8,-9.5,355,1155,302,111,15405,2007,570,39,164,925,852,226,67,88,0,80,345,859,22.61,607,80,59,46,51,16,62,1.63,40,6,2,7,6,1,678,430,340,254,84,311,645,48.2,334,370,75,295,288,966,643,21,21621,2061,6446,9155,6255,822,21613,747,352,47.1,307,41.1,12239,69490,37661,630,166,555,338,13469,1457,90,100,81,238,176,22,271,1.11,42,45,-3,-0.08,43.5,5.8,0.15,3,504,510,6,3,2,2015,492,561,46.7,La Liga
Valladolid,36,27.4,48.7,38,418,3420,32,24,56,29,3,4,94,6,38.6,35.5,28.4,63.9,610,1244,0.84,0.63,1.47,0.76,1.39,1.02,0.75,1.76,0.93,1.68,17859612,443,137,30.9,11.66,3.61,0.07,0.21,19.6,19,0.08,-6.6,-6.5,12627,16425,76.9,238766,87767,5273,6049,87.2,5251,6199,84.7,1734,3141,55.2,24.4,-4.4,324,969,223,92,14336,1991,576,33,225,683,786,170,49,91,3,98,365,792,20.84,581,77,39,36,46,13,59,1.55,40,6,4,4,5,0,671,396,334,251,86,296,628,47.1,332,432,149,283,345,1016,767,8,20748,2571,7370,9027,4583,638,20744,718,309,43.0,318,44.3,11499,64338,32319,451,147,589,316,12521,1233,90,100,78,227,189,27,225,1.05,33,63,-30,-0.79,64.9,-26.3,-0.69,2,460,516,4,10,1,1966,471,617,43.3,La Liga
Villarreal,32,28.4,56.9,38,418,3420,57,33,90,53,4,7,91,4,61.7,56.1,43.1,99.3,846,1622,1.5,0.87,2.37,1.39,2.26,1.62,1.13,2.76,1.48,2.61,2a8183b3,499,188,37.7,13.13,4.95,0.11,0.28,18.0,22,0.12,-4.7,-3.1,16634,19862,83.7,295552,101196,7381,8147,90.6,7101,7924,89.6,1743,2737,63.7,38.3,-10.1,374,1304,349,52,17980,1795,574,86,186,520,642,210,96,39,4,87,347,884,23.26,665,45,73,53,40,8,89,2.34,59,2,13,11,4,0,578,370,276,201,101,270,534,50.6,264,372,125,247,262,840,691,16,23815,2621,7659,10213,6179,911,23808,871,435,49.9,345,39.6,14391,81455,45472,570,239,552,343,16363,1617,90,100,81,245,172,21,204,1.68,59,40,19,0.5,50.3,11.3,0.3,2,450,482,5,4,1,1819,357,375,48.8,La Liga
Atalanta,27,26.5,49.9,38,418,3420,64,42,106,58,6,8,83,3,57.7,51.3,42.7,93.9,687,1637,1.68,1.11,2.79,1.53,2.63,1.52,1.12,2.64,1.35,2.47,922493f3,506,168,33.2,13.32,4.42,0.11,0.35,16.9,13,0.1,6.3,6.7,15462,19507,79.3,267971,97492,7245,8234,88.0,6234,7350,84.8,1525,2778,54.9,40.8,-0.7,405,1184,385,89,17537,1912,432,35,154,652,893,194,97,67,0,58,359,928,24.42,681,87,64,51,33,12,113,2.97,83,5,6,11,7,1,636,364,291,272,73,312,634,49.2,322,455,93,362,421,1057,613,12,23862,2217,7478,10221,6382,956,23854,785,340,43.3,355,45.2,13148,67208,33188,565,210,619,387,15359,1628,90,100,80,244,175,23,212,1.68,66,48,18,0.47,41.4,16.3,0.43,1,470,385,6,3,2,2234,575,483,54.3,Serie A
Bologna,27,26.6,54.7,38,418,3420,52,41,93,46,6,6,84,3,43.8,39.4,31.5,70.9,564,1366,1.37,1.08,2.45,1.21,2.29,1.15,0.83,1.98,1.04,1.87,1d8099f8,479,150,31.3,12.61,3.95,0.1,0.31,19.6,18,0.08,8.2,6.6,16763,20552,81.6,290293,103110,7901,8808,89.7,6726,7738,86.9,1675,2874,58.3,26.0,9.5,371,1120,246,67,18623,1852,484,58,179,558,830,145,90,41,0,77,368,866,22.79,642,72,45,49,46,12,91,2.39,64,11,3,7,6,0,648,373,310,255,83,297,618,48.1,321,414,131,283,302,950,652,7,24552,2551,8483,11383,4893,592,24546,567,265,46.7,243,42.9,14223,70806,35047,487,113,582,305,16622,1358,90,100,81,252,164,22,261,1.42,53,49,4,0.11,48.7,-4.9,-0.13,2,477,426,5,9,3,2080,369,447,45.2,Serie A
Cremonese,33,26.0,42.1,38,418,3420,35,18,53,30,5,7,81,3,38.7,33.2,24.3,57.5,521,1107,0.92,0.47,1.39,0.79,1.26,1.02,0.64,1.66,0.87,1.51,9aad3a77,458,122,26.6,12.05,3.21,0.07,0.25,18.5,15,0.07,-3.7,-3.2,10872,15041,72.3,200114,82419,4733,5616,84.3,4640,5790,80.1,1236,2782,44.4,21.9,-6.3,325,936,275,107,13147,1826,482,26,99,659,768,146,51,76,0,68,300,789,20.76,551,81,37,61,45,14,53,1.39,31,5,4,9,4,0,704,400,403,228,73,364,729,49.9,365,432,136,296,393,1097,771,13,19346,2538,7184,8051,4334,678,19339,569,237,41.7,251,44.1,9843,51780,26321,394,101,553,297,10770,1100,90,100,79,232,185,25,302,0.71,36,69,-33,-0.87,66.1,-27.4,-0.72,0,458,407,5,5,1,2059,562,730,43.5,Serie A
Empoli,32,25.3,47.3,38,418,3420,35,20,55,33,2,2,88,7,38.8,37.2,26.8,64.0,608,1114,0.92,0.53,1.45,0.87,1.39,1.02,0.71,1.73,0.98,1.69,a3d88bd8,447,129,28.9,11.76,3.39,0.07,0.26,18.3,19,0.09,-3.8,-4.2,13199,16862,78.3,234132,88608,5889,6670,88.3,5521,6484,85.1,1395,2669,52.3,24.1,-6.8,322,776,245,76,14830,1978,538,24,105,611,828,163,70,61,0,54,375,767,20.18,537,77,46,46,47,14,60,1.58,39,6,6,5,4,0,606,364,316,218,72,254,538,47.2,284,449,183,266,280,886,910,4,21188,2962,8175,8766,4485,674,21186,705,313,44.4,311,44.1,11736,64438,31714,452,135,552,372,13050,1105,90,100,80,226,188,21,331,1.13,37,49,-12,-0.32,58.3,-19.5,-0.51,3,441,459,2,6,1,1815,434,519,45.5,Serie A
Fiorentina,30,26.5,56.1,38,418,3420,51,37,88,47,4,6,93,3,55.0,50.8,40.2,91.0,789,1627,1.34,0.97,2.32,1.24,2.21,1.45,1.06,2.51,1.34,2.39,421387cf,597,171,28.6,15.71,4.5,0.08,0.27,17.6,23,0.09,-4.0,-3.8,15373,19236,79.9,294347,99945,6120,6942,88.2,6799,7859,86.5,2111,3485,60.6,36.7,-3.2,462,1219,353,121,17189,1991,600,30,203,880,831,234,88,99,0,56,336,1068,28.11,763,113,54,70,53,15,89,2.34,64,6,7,7,4,1,581,337,232,260,89,282,531,53.1,249,356,84,272,260,841,473,11,23123,2028,6652,10361,6366,977,23117,704,323,45.9,273,38.8,13434,77635,39528,601,194,572,345,15234,1607,90,100,79,229,188,23,323,1.47,53,43,10,0.26,43.4,11.7,0.31,2,488,511,3,8,2,2016,588,517,53.2,Serie A
Hellas Verona,36,26.6,41.2,38,418,3420,29,22,51,28,1,1,103,3,35.8,35.1,28.1,63.2,503,1063,0.76,0.58,1.34,0.74,1.32,0.94,0.74,1.68,0.92,1.66,0e72edf2,415,116,28.0,10.92,3.05,0.07,0.24,18.6,13,0.09,-6.8,-7.1,9481,13807,68.7,186844,85475,3784,4825,78.4,4041,5180,78.0,1394,2872,48.5,23.0,-6.1,304,861,232,88,12006,1727,437,23,81,652,721,170,81,63,1,74,334,704,18.53,482,90,41,42,29,20,50,1.32,31,4,5,7,2,1,605,357,319,228,58,296,562,52.7,266,445,143,302,337,942,745,12,18056,2231,6320,7844,4147,636,18055,627,274,43.7,275,43.9,8665,47590,22382,359,103,577,329,9350,1051,90,100,79,233,184,25,307,0.82,31,59,-28,-0.74,49.9,-14.1,-0.37,0,540,383,1,2,3,2238,810,735,52.4,Serie A
Inter,25,28.8,55.7,38,418,3420,68,50,118,64,4,5,65,3,68.0,64.5,51.8,116.3,668,1624,1.79,1.32,3.11,1.68,3.0,1.79,1.36,3.15,1.7,3.06,d609edc0,625,197,31.5,16.45,5.18,0.1,0.32,16.9,21,0.11,0.0,-0.5,17693,21281,83.1,320024,109417,7531,8348,90.2,7877,8900,88.5,1858,3042,61.1,46.8,-1.8,479,1272,390,134,19504,1709,443,50,185,885,682,214,66,121,0,68,275,1104,29.05,816,117,29,79,52,11,118,3.11,88,4,7,10,7,2,572,325,247,241,84,258,523,49.3,265,385,110,275,315,887,541,7,25128,2720,8300,11127,5922,953,25123,494,216,43.7,200,40.5,14972,75152,38723,492,141,505,261,17526,1613,90,100,81,230,187,20,271,1.89,71,42,29,0.76,36.5,31.6,0.83,2,444,406,4,3,3,1948,500,415,54.6,Serie A
Juventus,29,27.7,49.6,38,418,3420,56,41,97,53,3,6,74,6,55.3,50.4,39.8,90.2,673,1394,1.47,1.08,2.55,1.39,2.47,1.45,1.05,2.5,1.33,2.37,e0652b02,529,171,32.3,13.92,4.5,0.1,0.31,17.3,19,0.1,0.7,2.6,15226,18690,81.5,285025,99282,6319,7141,88.5,6719,7633,88.0,1910,3085,61.9,29.8,1.2,404,1163,295,90,16884,1744,449,38,195,731,706,207,64,125,1,62,318,911,23.97,638,94,50,77,38,14,91,2.39,61,7,3,9,9,2,594,352,296,219,79,288,558,51.6,270,421,131,290,307,901,704,10,22810,2432,7514,10435,5077,817,22804,625,291,46.6,255,40.8,12888,66636,34490,496,145,583,350,15118,1389,90,100,81,249,169,23,240,1.89,56,33,23,0.61,41.6,13.7,0.36,1,456,409,6,5,0,1951,486,477,50.5,Serie A
Lazio,24,28.6,52.1,38,418,3420,59,37,96,53,6,8,86,2,51.1,44.9,34.3,79.2,683,1381,1.55,0.97,2.53,1.39,2.37,1.35,0.9,2.25,1.18,2.08,7213da33,430,161,37.4,11.32,4.24,0.12,0.33,17.8,14,0.11,7.9,8.1,18135,21629,83.8,293491,106673,9434,10386,90.8,6408,7337,87.3,1635,2620,62.4,30.0,2.7,325,1214,283,44,19809,1766,540,55,135,483,680,169,71,76,0,54,330,760,20.0,576,56,44,43,32,9,103,2.71,78,3,6,11,5,0,582,349,261,234,87,277,625,44.3,348,437,126,311,310,892,606,8,25453,2536,8100,12315,5243,769,25445,612,285,46.6,239,39.1,14379,73160,36610,484,182,528,290,18009,1368,90,100,82,267,149,21,328,1.95,60,30,30,0.79,41.3,9.8,0.26,0,400,471,6,2,1,1979,399,381,51.2,Serie A
Lecce,29,24.8,41.3,38,418,3420,31,21,52,27,4,6,86,2,36.1,31.4,25.3,56.7,515,1232,0.82,0.55,1.37,0.71,1.26,0.95,0.66,1.61,0.83,1.49,ffcbe334,413,106,25.7,10.87,2.79,0.07,0.25,18.8,14,0.08,-5.1,-4.4,10083,14358,70.2,188701,76019,4285,5217,82.1,4134,5229,79.1,1351,3015,44.8,20.6,-4.3,313,965,218,79,12384,1906,504,23,175,709,858,172,56,61,0,68,315,699,18.39,483,84,43,42,38,9,50,1.32,38,2,4,3,2,1,705,430,347,259,99,319,619,51.5,300,486,112,374,368,1073,826,4,18839,2129,6291,8105,4660,606,18833,559,240,42.9,245,43.8,9288,51809,25326,366,119,626,329,9976,1219,90,100,81,232,184,20,347,0.95,33,46,-13,-0.34,42.1,-6.1,-0.16,1,553,439,4,5,3,2120,567,728,43.8,Serie A
Milan,30,26.0,55.6,38,418,3420,61,49,110,56,5,5,90,2,58.8,55.1,46.0,101.1,795,1584,1.61,1.29,2.89,1.47,2.76,1.55,1.21,2.76,1.45,2.66,dc56fe14,546,178,32.6,14.37,4.68,0.1,0.31,17.7,26,0.1,2.2,0.9,15948,19734,80.8,289152,100822,6781,7765,87.3,6974,7961,87.6,1800,2995,60.1,39.2,3.0,416,1165,359,88,17874,1799,472,52,126,671,813,187,51,108,0,61,322,985,25.92,688,91,65,68,58,15,111,2.92,76,6,15,7,4,3,690,422,327,295,68,300,563,53.3,263,387,126,261,289,979,542,9,23856,2177,7373,11143,5617,891,23851,800,368,46.0,324,40.5,13802,78895,41728,584,182,595,320,15792,1576,90,100,80,234,183,23,321,1.84,64,43,21,0.55,41.1,17.7,0.47,2,449,438,3,5,1,2051,561,478,54.0,Serie A
Monza,31,26.6,55.2,38,418,3420,46,31,77,41,5,6,90,4,45.9,41.2,33.8,75.0,708,1362,1.21,0.82,2.03,1.08,1.89,1.21,0.89,2.1,1.08,1.97,21680aa4,406,139,34.2,10.68,3.66,0.1,0.29,17.9,13,0.1,0.1,-0.2,17198,20724,83.0,308969,105210,7443,8250,90.2,7577,8569,88.4,1777,2898,61.3,28.7,-2.8,312,1154,278,71,18818,1837,570,33,168,596,711,154,22,111,0,69,327,714,18.79,537,60,30,40,35,12,86,2.26,62,5,6,4,8,1,595,355,323,214,58,260,551,47.2,291,380,120,260,334,929,661,13,24603,2753,8855,11185,4768,680,24597,596,282,47.3,237,39.8,14329,79216,38961,500,152,575,309,17052,1350,90,100,79,229,188,23,363,1.37,48,52,-4,-0.11,51.3,-5.4,-0.14,1,489,495,6,3,1,1845,448,441,50.4,Serie A
Napoli,27,26.4,61.8,38,418,3420,75,57,132,67,8,10,47,1,64.7,56.8,46.8,103.6,907,1804,1.97,1.5,3.47,1.76,3.26,1.7,1.23,2.94,1.5,2.73,d48ad4ff,605,212,35.0,15.92,5.58,0.11,0.32,17.1,18,0.1,10.3,10.2,21086,24473,86.2,349837,113047,10412,11275,92.3,8149,9116,89.4,1839,2748,66.9,42.9,10.2,490,1638,411,89,22587,1826,515,36,200,681,785,228,84,74,1,60,337,1105,29.08,819,92,58,66,47,23,131,3.45,98,8,4,14,6,1,569,313,236,227,106,255,521,48.9,266,374,96,278,287,856,490,7,28410,2012,7168,13935,7548,1084,28400,798,337,42.2,361,45.2,17977,89551,46645,663,237,566,339,20948,1789,90,100,82,237,181,19,319,2.37,77,28,49,1.29,31.8,33.0,0.87,0,389,468,8,2,0,2027,483,403,54.5,Serie A
Roma,30,27.4,48.6,38,418,3420,50,33,83,43,7,10,82,4,57.4,49.9,38.9,88.8,684,1217,1.32,0.87,2.18,1.13,2.0,1.51,1.02,2.53,1.31,2.34,cf74a709,488,155,31.8,12.84,4.08,0.09,0.28,17.0,15,0.1,-7.4,-6.9,14171,17814,79.5,257681,88761,6089,6899,88.3,6074,7077,85.8,1659,2915,56.9,33.4,-5.9,368,960,261,56,15874,1884,528,59,176,595,833,188,84,93,0,56,292,861,22.66,574,110,43,68,53,13,85,2.24,52,10,5,12,5,1,624,340,301,257,66,289,617,46.8,328,392,113,279,368,992,590,9,21861,2055,7183,10374,4566,789,21851,677,274,40.5,315,46.5,12407,68172,34789,490,170,559,318,14018,1198,90,100,81,249,168,21,307,1.66,50,38,12,0.32,32.1,25.3,0.67,2,446,505,6,3,1,1981,543,429,55.9,Serie A
Salernitana,30,27.2,44.9,38,418,3420,46,34,80,44,2,2,85,4,36.7,35.2,26.9,62.0,519,1089,1.21,0.89,2.11,1.16,2.05,0.96,0.71,1.67,0.93,1.63,c5577084,381,115,30.2,10.03,3.03,0.12,0.38,18.9,14,0.09,9.3,8.8,12667,16508,76.7,223947,85787,5739,6539,87.8,5160,6153,83.9,1342,2755,48.7,20.8,7.1,280,845,209,70,14589,1852,530,25,140,559,720,143,23,66,0,67,324,656,17.26,489,58,27,44,30,8,81,2.13,64,4,4,7,2,0,587,337,309,220,58,259,569,45.5,310,409,157,252,329,916,740,13,20527,2604,7592,9096,4060,495,20525,599,264,44.1,261,43.6,11169,57765,27404,409,86,564,303,12529,1076,90,100,80,240,177,23,296,1.11,48,62,-14,-0.37,67.1,-30.5,-0.8,1,473,439,1,11,0,1981,528,585,47.4,Serie A
Sampdoria,40,27.9,46.1,38,418,3420,23,18,41,22,1,2,108,3,34.1,32.5,24.4,56.9,466,1126,0.61,0.47,1.08,0.58,1.05,0.9,0.64,1.54,0.85,1.5,8ff9e3b3,377,114,30.2,9.92,3.0,0.06,0.19,17.7,16,0.09,-11.1,-10.5,12606,16575,76.1,231539,88820,5369,6223,86.3,5427,6538,83.0,1489,2830,52.6,25.1,-6.4,272,886,241,74,14576,1944,598,34,107,599,760,130,36,77,0,55,380,637,16.76,456,52,28,46,39,16,36,0.95,26,2,1,4,1,2,589,351,290,240,59,261,558,46.8,297,428,152,276,317,906,688,7,20460,2511,7278,9134,4272,585,20458,543,260,47.9,222,40.9,11329,55044,26171,354,82,572,335,12492,1118,90,100,80,243,174,23,252,0.5,24,71,-47,-1.24,66.3,-32.2,-0.85,2,507,512,1,10,2,1913,617,636,49.2,Serie A
Sassuolo,31,26.1,49.2,38,418,3420,46,30,76,37,9,10,90,6,51.6,43.9,36.1,80.0,761,1565,1.21,0.79,2.0,0.97,1.76,1.36,0.95,2.31,1.16,2.11,e2befd26,477,161,33.8,12.55,4.24,0.08,0.23,18.0,20,0.09,-5.6,-6.9,14805,18306,80.9,269825,99100,6480,7323,88.5,6109,7036,86.8,1835,2980,61.6,31.5,-6.1,371,1092,328,82,16248,2015,566,34,195,625,798,177,81,50,0,43,351,871,22.92,684,50,49,41,34,13,81,2.13,56,4,4,10,7,0,502,281,237,186,79,216,461,46.9,245,371,122,249,278,780,658,16,22100,2484,7486,9584,5249,817,22090,653,299,45.8,270,41.3,13042,71240,36974,527,204,533,364,14664,1552,90,100,81,239,175,21,291,1.18,47,61,-14,-0.37,49.7,1.9,0.05,3,408,443,6,4,2,1756,375,438,46.1,Serie A
Spezia,34,25.7,47.4,38,418,3420,29,18,47,25,4,4,103,6,41.5,38.5,29.3,67.8,553,1163,0.76,0.47,1.24,0.66,1.13,1.09,0.77,1.86,1.01,1.78,68449f6d,419,120,28.6,11.03,3.16,0.06,0.21,18.3,19,0.09,-12.5,-13.5,12399,16501,75.1,215537,84262,5772,6701,86.1,4973,6020,82.6,1235,2696,45.8,26.8,-11.3,289,928,267,84,14437,2009,456,26,107,655,922,193,116,53,0,55,381,710,18.68,511,61,39,43,38,18,42,1.11,29,1,3,5,4,0,622,359,290,236,96,254,569,44.6,315,457,161,296,301,923,830,7,20952,2701,7867,8357,4959,692,20948,653,278,42.6,304,46.6,10996,60775,29636,397,114,659,366,12304,1156,90,100,81,248,168,22,310,0.82,31,62,-31,-0.82,59.5,-18.0,-0.47,4,519,379,2,7,3,2033,535,570,48.4,Serie A
Torino,28,25.2,53.2,38,418,3420,41,34,75,39,2,2,81,0,41.8,40.2,35.0,75.2,684,1328,1.08,0.89,1.97,1.03,1.92,1.1,0.92,2.02,1.06,1.98,105360fe,444,146,32.9,11.68,3.84,0.09,0.27,16.7,6,0.09,-0.8,-1.2,15376,19336,79.5,275969,93628,6788,7659,88.6,6681,7680,87.0,1502,2948,50.9,30.1,-1.0,375,1159,274,89,17523,1733,445,36,117,610,742,172,99,42,1,80,336,821,21.61,635,61,52,40,21,12,74,1.95,58,2,7,4,3,0,473,265,231,187,55,199,367,54.2,168,337,110,227,292,765,627,9,23243,2286,7273,10798,5380,733,23241,668,303,45.4,276,41.3,13094,71281,34612,527,182,618,314,15247,1317,90,100,82,255,164,20,304,1.39,42,41,1,0.03,40.0,1.8,0.05,0,506,382,2,6,0,2010,590,629,48.4,Serie A
Udinese,30,26.1,48.0,38,418,3420,46,41,87,45,1,2,88,3,46.9,45.4,37.8,83.2,646,1354,1.21,1.08,2.29,1.18,2.26,1.24,0.99,2.23,1.2,2.19,04eea015,503,145,28.8,13.24,3.82,0.09,0.31,18.5,23,0.09,-0.9,-0.4,13391,16790,79.8,246847,93352,5689,6485,87.7,5719,6627,86.3,1624,2751,59.0,33.3,3.2,384,1009,295,70,14908,1831,536,37,213,564,707,186,76,52,0,51,329,889,23.39,625,87,53,58,51,15,80,2.11,61,6,3,3,5,2,651,365,363,228,60,326,632,51.6,306,437,128,309,314,965,712,8,21183,2463,7415,9101,4912,849,21181,770,330,42.9,350,45.5,12105,65755,33221,461,163,641,336,13268,1344,90,100,82,242,174,20,259,1.21,47,48,-1,-0.03,51.8,-4.9,-0.13,1,478,476,1,7,2,1916,477,406,54.0,Serie A
Ajaccio,36,29.1,43.2,38,418,3420,22,12,34,16,6,9,86,10,36.1,29.4,22.7,52.1,487,1169,0.58,0.32,0.89,0.42,0.74,0.95,0.6,1.55,0.77,1.37,7a54bb4f,311,81,26.0,8.18,2.13,0.05,0.2,18.1,12,0.1,-14.1,-13.4,11216,15286,73.4,206467,81586,4741,5780,82.0,4578,5701,80.3,1448,2889,50.1,23.4,-10.7,234,954,188,71,13368,1855,562,39,57,631,795,126,42,65,0,63,349,539,14.18,350,72,22,34,51,10,38,1.0,23,0,3,5,5,2,637,382,321,236,80,313,693,45.2,380,359,85,274,420,1057,670,10,19271,1979,6134,9380,3966,486,19262,630,283,44.9,277,44.0,12563,73525,32335,406,92,625,324,11114,1150,90,100,81,239,172,21,164,0.68,23,74,-51,-1.34,53.9,-17.8,-0.47,2,541,495,8,10,2,2053,602,711,45.8,Ligue 1
Angers,33,25.7,46.9,38,418,3420,31,18,49,27,4,4,69,5,40.9,37.8,28.0,65.7,632,1393,0.82,0.47,1.29,0.71,1.18,1.08,0.74,1.81,0.99,1.73,69236f98,367,121,33.0,9.66,3.18,0.07,0.22,17.5,18,0.11,-9.9,-10.8,14103,17463,80.8,252709,88748,5934,6810,87.1,6249,7208,86.7,1435,2536,56.6,27.6,-10.0,276,1124,214,65,15689,1727,483,40,92,584,705,164,98,42,0,47,294,647,17.03,471,56,44,25,44,7,53,1.39,35,5,2,4,7,0,652,386,311,268,73,310,610,50.8,300,402,99,303,375,1027,605,13,21515,2041,6588,10633,4609,567,21511,928,441,47.5,392,42.2,15521,89958,41416,596,149,593,349,13974,1374,90,100,81,256,157,22,184,0.47,33,81,-48,-1.26,61.7,-20.8,-0.55,3,492,422,4,11,4,2025,436,441,49.7,Ligue 1
Auxerre,33,27.3,43.3,38,418,3420,32,17,49,25,7,9,54,6,42.7,35.7,27.2,62.9,531,1284,0.84,0.45,1.29,0.66,1.11,1.12,0.72,1.84,0.94,1.65,5ae09109,420,117,27.9,11.05,3.08,0.06,0.21,19.6,15,0.09,-10.7,-10.7,12386,15989,77.5,240572,90967,4837,5709,84.7,5262,6177,85.2,1838,3237,56.8,25.6,-10.2,301,1020,243,82,14213,1728,491,31,210,617,712,135,56,57,0,48,305,733,19.29,528,61,52,40,35,17,50,1.32,28,4,3,7,8,0,674,378,337,263,74,313,678,46.2,365,441,118,323,454,1128,782,10,20359,2523,7094,9231,4269,630,20350,749,337,45.0,319,42.6,13862,80844,35786,461,131,645,320,12268,1267,90,100,82,255,159,19,182,0.92,35,63,-28,-0.74,58.9,-16.2,-0.43,4,462,419,6,6,1,2078,487,566,46.2,Ligue 1
Brest,29,26.6,44.9,38,418,3420,43,28,71,36,7,8,63,2,43.3,37.1,29.6,66.7,592,1311,1.13,0.74,1.87,0.95,1.68,1.14,0.78,1.92,0.98,1.76,fb08dbb3,417,132,31.7,10.97,3.47,0.09,0.27,17.4,13,0.09,-0.3,-1.1,12486,16452,75.9,242407,93329,4874,5833,83.6,5395,6456,83.6,1807,3246,55.7,30.9,-1.6,314,1027,243,94,14545,1848,525,30,162,755,754,178,82,81,2,59,339,736,19.37,495,98,33,50,41,19,73,1.92,39,10,4,8,9,3,705,417,348,289,68,356,740,48.1,384,435,115,320,475,1180,686,13,20724,2299,6960,9493,4555,668,20716,655,270,41.2,301,46.0,13923,82689,37401,490,124,566,322,12371,1294,90,100,83,258,160,19,167,1.16,44,54,-10,-0.26,56.0,-12.7,-0.33,0,499,462,7,9,2,2115,633,569,52.7,Ligue 1
Clermont Foot,28,27.2,48.3,38,418,3420,44,26,70,37,7,10,72,5,47.5,39.6,27.7,67.4,532,1304,1.16,0.68,1.84,0.97,1.66,1.25,0.73,1.98,1.04,1.77,d9676424,393,139,35.4,10.34,3.66,0.09,0.27,18.3,16,0.1,-3.5,-2.6,14212,17961,79.1,256952,96617,6081,7055,86.2,6018,7037,85.5,1613,2887,55.9,28.5,-1.7,267,1004,239,62,16060,1849,642,31,105,564,658,155,73,48,4,52,373,668,17.58,497,51,32,39,39,10,72,1.89,45,4,5,11,6,1,685,398,350,250,85,351,779,45.1,428,424,126,298,440,1125,571,17,22057,2500,7753,10251,4323,656,22047,753,350,46.5,309,41.0,15772,89656,41497,508,111,566,338,14090,1294,90,100,83,246,167,17,168,1.55,45,49,-4,-0.11,58.2,-10.7,-0.28,2,426,592,7,12,0,2051,410,427,49.0,Ligue 1
Lens,29,26.4,55.6,38,418,3420,66,49,115,60,6,9,63,3,66.9,60.0,47.6,107.6,738,1829,1.74,1.29,3.03,1.58,2.87,1.76,1.25,3.01,1.58,2.83,fd4e0f7d,518,177,34.2,13.63,4.66,0.12,0.34,16.4,6,0.12,-0.9,0.0,17809,21203,84.0,307964,105609,7942,8840,89.8,7624,8652,88.1,1618,2642,61.2,45.6,1.4,395,1547,354,105,19476,1665,556,53,111,791,623,204,80,87,1,62,311,921,24.24,681,80,50,49,40,21,116,3.05,85,8,9,6,5,3,540,323,225,238,77,262,570,46.0,308,401,112,289,339,879,559,7,24935,2026,6456,12750,5964,841,24926,666,326,48.9,255,38.3,19150,112841,52783,732,160,526,302,17645,1821,90,100,82,247,169,18,173,2.21,68,29,39,1.03,43.3,23.6,0.62,0,492,481,7,3,1,1975,406,369,52.4,Ligue 1
Lille,26,26.0,60.5,38,418,3420,65,40,105,54,11,12,82,1,68.7,60.0,46.4,106.5,798,1982,1.71,1.05,2.76,1.42,2.47,1.81,1.22,3.03,1.58,2.8,cb188c0c,545,201,36.9,14.34,5.29,0.1,0.27,16.8,16,0.12,-3.7,-6.0,19266,22826,84.4,325045,109059,8924,9956,89.6,8012,8981,89.2,1622,2635,61.6,52.2,-6.4,421,1602,398,61,20992,1770,555,56,124,624,718,217,81,76,1,64,398,996,26.21,735,79,50,70,51,11,111,2.92,76,6,2,15,12,0,635,370,266,265,104,314,658,47.7,344,390,74,316,301,936,543,13,26767,2074,7054,13386,6573,1010,26755,826,400,48.4,330,40.0,20538,112069,52803,705,206,537,398,19056,1959,90,100,84,276,142,19,194,1.76,65,44,21,0.55,40.5,28.2,0.74,0,497,480,10,4,3,2138,440,463,48.7,Ligue 1
Lorient,30,25.2,46.6,38,418,3420,49,32,81,45,4,6,48,4,44.5,39.8,29.4,69.2,753,1329,1.29,0.84,2.13,1.18,2.03,1.17,0.77,1.94,1.05,1.82,d2c87802,397,149,37.5,10.45,3.92,0.11,0.3,17.9,16,0.1,4.5,5.2,14837,18087,82.0,248618,91944,6810,7694,88.5,6246,7147,87.4,1173,2192,53.5,26.5,2.6,295,994,240,38,16255,1783,540,48,55,434,658,145,60,52,2,49,334,705,18.55,505,43,66,38,38,15,86,2.26,52,6,15,5,6,2,736,420,409,244,83,315,690,45.7,375,484,141,343,369,1105,849,17,22605,2854,8346,10039,4473,695,22599,916,406,44.3,388,42.4,16379,97993,47864,592,175,596,332,14727,1322,90,100,83,270,145,20,195,1.45,52,53,-1,-0.03,58.2,-13.6,-0.36,3,397,501,5,2,1,2019,407,479,45.9,Ligue 1
Lyon,29,25.5,58.1,38,418,3420,63,45,108,57,6,8,61,3,61.1,54.8,45.1,99.9,709,1883,1.66,1.18,2.84,1.5,2.68,1.61,1.19,2.8,1.44,2.63,d53c0b06,511,199,38.9,13.45,5.24,0.11,0.29,16.7,18,0.11,1.9,2.2,18956,22698,83.5,326617,110346,8477,9572,88.6,8134,9170,88.7,1688,2738,61.7,54.5,-0.1,393,1575,381,76,20857,1784,521,65,101,649,758,184,71,68,0,57,395,902,23.74,668,67,61,52,39,15,109,2.87,85,6,3,8,6,1,723,423,306,282,135,367,771,47.6,404,433,107,326,481,1204,542,12,27048,2207,7251,13396,6634,1041,27040,895,398,44.5,401,44.8,20488,110347,50614,719,233,618,371,18817,1868,90,100,83,274,141,21,188,1.63,65,47,18,0.47,51.7,9.5,0.25,1,500,453,5,11,3,2144,452,438,50.8,Ligue 1
Marseille,30,27.3,56.7,38,418,3420,61,38,99,55,6,7,63,4,65.3,60.0,47.0,107.0,759,1919,1.61,1.0,2.61,1.45,2.45,1.72,1.24,2.95,1.58,2.82,5725cc7b,546,173,31.7,14.37,4.55,0.1,0.32,16.7,16,0.11,-4.3,-5.0,16817,20689,81.3,300757,97471,7113,8165,87.1,7385,8560,86.3,1744,2795,62.4,47.7,-9.0,397,1555,443,98,18914,1707,448,72,149,751,723,209,107,50,0,68,359,954,25.11,693,71,61,71,38,20,98,2.58,55,8,9,16,6,4,685,404,271,304,110,301,591,50.9,290,366,101,265,420,1105,570,11,24839,2007,6525,11697,6878,1000,24832,742,356,48.0,320,43.1,18366,107143,52090,639,172,598,360,16633,1895,90,100,81,254,163,22,157,1.92,67,40,27,0.71,42.5,22.8,0.6,1,533,419,3,5,3,2291,491,484,50.4,Ligue 1
Monaco,27,24.7,48.2,38,418,3420,69,47,116,64,5,8,64,5,62.1,55.7,42.2,97.9,719,1820,1.82,1.24,3.05,1.68,2.92,1.63,1.11,2.74,1.47,2.58,fd6114db,470,199,42.3,12.37,5.24,0.14,0.32,17.0,10,0.12,6.9,8.3,14414,18378,78.4,263795,99640,5987,7079,84.6,6203,7320,84.7,1718,2930,58.6,41.9,4.8,358,1373,374,59,16574,1720,457,46,137,661,730,166,80,72,1,84,356,834,21.95,620,69,47,46,35,17,117,3.08,78,9,7,11,9,3,696,400,284,310,102,323,701,46.1,378,459,120,339,426,1122,549,14,22398,2069,5963,10799,5891,918,22390,678,318,46.9,283,41.7,15973,91223,44561,590,183,550,345,14273,1802,90,100,81,260,155,23,187,1.71,70,58,12,0.32,53.2,8.9,0.23,3,488,411,8,5,3,2203,515,457,53.0,Ligue 1
Montpellier,31,26.0,45.8,38,418,3420,64,41,105,57,7,7,68,10,52.2,46.7,34.3,80.9,556,1250,1.68,1.08,2.76,1.5,2.58,1.37,0.9,2.27,1.23,2.13,281b0e73,435,165,37.9,11.45,4.34,0.13,0.35,18.3,22,0.11,11.8,10.3,12420,16221,76.6,223908,86793,5391,6416,84.0,4978,5904,84.3,1511,2866,52.7,29.5,6.7,310,906,215,60,14249,1901,555,38,123,673,749,195,85,87,2,71,319,748,19.68,515,74,45,49,52,13,106,2.79,77,5,4,11,8,1,684,413,362,249,73,361,745,48.5,384,448,121,327,404,1088,686,9,20469,2351,6847,9513,4378,670,20462,780,338,43.3,321,41.2,13886,80186,37309,494,150,594,362,12321,1243,90,100,81,239,170,21,166,1.32,65,62,3,0.08,62.2,-10.0,-0.26,1,488,523,6,11,2,2095,480,553,46.5,Ligue 1
Nantes,29,26.7,45.9,38,418,3420,35,27,62,32,3,5,65,4,42.8,39.0,31.8,70.8,705,1565,0.92,0.71,1.63,0.84,1.55,1.13,0.84,1.96,1.03,1.86,d7a486cd,443,151,34.1,11.66,3.97,0.07,0.21,18.1,16,0.09,-7.8,-7.0,13283,17169,77.4,249004,92349,5334,6308,84.6,5788,6906,83.8,1710,3062,55.8,29.8,-4.8,330,1217,248,103,15386,1729,462,17,121,820,725,196,77,89,0,54,313,771,20.29,558,70,52,49,33,9,63,1.66,45,6,3,4,4,1,709,431,367,249,93,367,730,50.3,363,427,107,320,431,1140,731,8,21497,2310,6504,10417,4849,726,21492,788,378,48.0,333,42.3,14771,86725,40556,483,154,553,350,13142,1547,90,100,81,239,176,20,147,0.95,37,55,-18,-0.47,52.4,-9.7,-0.25,2,481,414,3,9,4,2075,592,598,49.7,Ligue 1
Nice,34,26.5,51.5,38,418,3420,47,32,79,41,6,7,53,3,57.2,51.8,39.4,91.1,774,1534,1.24,0.84,2.08,1.08,1.92,1.51,1.04,2.54,1.36,2.4,132ebc33,507,187,36.9,13.34,4.92,0.08,0.22,17.8,11,0.1,-10.2,-10.8,17325,20784,83.4,302310,104293,7763,8659,89.7,7395,8322,88.9,1612,2744,58.7,36.2,-7.4,389,1195,294,81,19059,1674,442,53,93,690,656,193,88,60,0,51,368,894,23.53,654,77,66,55,25,17,82,2.16,52,6,10,10,4,0,818,467,415,295,108,382,680,56.2,298,419,115,304,413,1231,588,9,25011,2520,8118,11897,5306,801,25004,822,420,51.1,330,40.1,18764,107128,51614,663,168,547,384,17175,1517,90,100,81,255,162,22,176,1.53,48,37,11,0.29,44.6,12.6,0.33,1,383,376,5,5,0,2143,392,365,51.8,Ligue 1
Paris S-G,26,26.9,60.7,38,418,3420,86,62,148,81,5,7,57,5,78.2,72.6,56.8,129.3,810,2029,2.26,1.63,3.89,2.13,3.76,2.06,1.49,3.55,1.91,3.4,e2d8892c,562,242,43.1,14.79,6.37,0.14,0.33,16.2,28,0.13,7.8,8.4,23694,26476,89.5,370887,117063,12058,13038,92.5,8984,9684,92.8,1551,2115,73.3,67.8,5.2,435,1901,479,46,24872,1527,458,149,109,399,537,204,74,61,0,77,368,1024,26.95,791,60,57,58,47,11,151,3.97,116,5,9,11,8,2,612,362,253,255,104,339,693,48.9,354,378,109,269,296,908,432,20,30202,2265,7245,15502,7723,1130,30195,976,454,46.5,423,43.3,24951,129073,62262,842,238,445,392,23544,2015,90,100,82,266,149,20,180,2.24,89,40,49,1.29,48.3,29.9,0.79,2,380,416,5,5,1,1938,245,201,54.9,Ligue 1
Reims,34,24.9,48.7,38,418,3420,45,31,76,38,7,8,70,9,61.5,55.2,43.4,98.6,712,1717,1.18,0.82,2.0,1.0,1.82,1.62,1.14,2.76,1.45,2.59,7fdd64e0,516,165,32.0,13.58,4.34,0.07,0.23,18.1,17,0.11,-16.5,-17.2,13670,17565,77.8,255023,95219,5346,6462,82.7,6288,7422,84.7,1634,2771,59.0,41.1,-12.4,383,1234,323,87,15706,1774,475,72,140,707,777,178,56,79,0,85,354,900,23.68,687,54,50,54,33,22,79,2.08,55,2,8,7,7,0,703,407,338,259,106,339,747,45.4,408,468,127,341,397,1100,633,15,22018,2275,6937,10012,5357,823,22010,800,347,43.4,370,46.3,15457,92007,44472,535,187,675,379,13524,1704,90,100,82,248,162,19,179,1.34,45,45,0,0.0,52.7,8.9,0.23,2,507,423,7,3,2,2368,472,465,50.4,Ligue 1
Rennes,32,25.2,55.4,38,418,3420,66,47,113,63,3,3,58,6,61.4,59.0,45.4,104.4,774,1922,1.74,1.24,2.97,1.66,2.89,1.62,1.2,2.81,1.55,2.75,b3072e00,526,189,35.9,13.84,4.97,0.12,0.33,16.3,15,0.12,4.6,4.0,17618,21193,83.1,329357,104782,6547,7582,86.3,8678,9724,89.2,1943,2973,65.4,45.9,1.6,396,1422,378,75,19509,1630,464,51,104,564,683,174,63,78,0,54,354,932,24.53,679,69,70,66,30,18,114,3.0,79,3,15,9,6,2,600,335,255,251,94,289,616,46.9,327,392,91,301,341,941,587,10,25212,2030,6550,12749,6163,1000,25209,784,410,52.3,308,39.3,19035,109626,51641,709,208,565,337,17479,1906,90,100,82,242,174,19,167,1.79,69,39,30,0.79,44.1,17.3,0.45,2,465,379,3,5,1,2035,538,520,50.9,Ligue 1
Strasbourg,29,27.3,45.9,38,418,3420,48,28,76,43,5,7,73,7,48.5,42.8,32.1,74.9,610,1351,1.26,0.74,2.0,1.13,1.87,1.28,0.84,2.12,1.13,1.97,c0d3eab4,442,150,33.9,11.63,3.95,0.1,0.29,17.5,21,0.1,-0.5,0.2,13337,17277,77.2,243280,88687,5565,6548,85.0,5799,6916,83.8,1518,2902,52.3,39.2,-4.1,324,1110,313,97,15473,1761,555,49,131,647,740,143,45,75,1,43,324,774,20.37,550,69,38,45,53,19,78,2.05,52,2,5,9,7,3,690,409,316,284,90,344,666,51.7,322,423,98,325,437,1127,688,5,21567,2088,6402,10381,5043,755,21560,708,340,48.0,277,39.1,14701,85310,39876,604,131,589,313,13215,1340,90,100,81,250,161,22,169,1.05,51,59,-8,-0.21,55.4,-6.8,-0.18,2,529,474,6,11,0,2132,677,573,54.2,Ligue 1
Toulouse,29,25.1,51.3,38,418,3420,50,33,83,46,4,4,62,3,52.5,49.4,35.8,85.2,648,1737,1.32,0.87,2.18,1.21,2.08,1.38,0.94,2.33,1.3,2.24,3f8c4b5f,453,171,37.7,11.92,4.5,0.1,0.27,16.3,19,0.11,-2.5,-3.4,15392,19236,80.0,275031,102525,6715,7800,86.1,6477,7508,86.3,1671,2815,59.4,34.8,-2.8,329,1259,297,59,17352,1810,453,38,201,660,739,201,71,113,0,74,422,768,20.21,558,70,30,66,33,11,81,2.13,59,5,3,10,4,0,716,406,349,264,103,368,842,43.7,474,476,138,338,409,1125,656,15,23432,2448,7418,10853,5373,773,23428,668,283,42.4,302,45.2,16785,92186,43533,533,150,554,303,15271,1723,90,100,82,253,162,20,180,1.26,51,57,-6,-0.16,57.0,-4.5,-0.12,3,473,413,2,7,3,2168,483,460,51.2,Ligue 1
Troyes,32,25.8,42.6,38,418,3420,43,26,69,38,5,5,55,5,39.1,35.6,27.9,63.5,638,1235,1.13,0.68,1.82,1.0,1.68,1.03,0.73,1.76,0.94,1.67,54195385,390,130,33.3,10.26,3.42,0.1,0.29,18.2,8,0.09,3.9,2.4,12751,16193,78.7,226331,85483,5580,6477,86.2,5447,6399,85.1,1278,2441,52.4,24.6,-1.9,303,941,206,63,14416,1720,477,35,128,517,650,148,79,35,0,57,327,696,18.32,503,59,47,40,34,13,72,1.89,48,3,6,8,7,0,608,361,333,207,68,272,606,44.9,334,416,144,272,398,1006,779,5,20380,2819,7826,8833,3993,590,20375,792,365,46.1,347,43.8,14238,84027,38482,481,144,531,341,12642,1224,90,100,83,273,141,21,192,0.63,45,81,-36,-0.95,78.0,-38.9,-1.02,1,402,404,4,8,2,1986,476,495,49.0,Ligue 1
Augsburg,34,25.9,41.7,34,374,3060,41,29,70,37,4,5,96,5,34.7,30.9,24.3,55.2,331,847,1.21,0.85,2.06,1.09,1.94,1.02,0.71,1.74,0.91,1.62,0cdc4311,354,101,28.5,10.41,2.97,0.1,0.37,18.2,14,0.09,6.3,6.1,8422,12742,66.1,169408,75215,3104,4032,77.0,3844,5050,76.1,1253,2819,44.4,24.6,4.7,240,662,191,44,10915,1769,428,30,73,548,745,166,78,81,1,58,332,578,17.0,383,76,26,42,37,14,70,2.06,42,6,3,10,5,4,522,299,251,202,69,232,479,48.4,247,429,126,303,286,808,755,14,16605,2549,6859,6322,3604,574,16600,488,201,41.2,234,48.0,7744,41189,20165,241,70,490,266,8309,831,90,100,80,223,150,22,153,1.0,42,63,-21,-0.62,58.8,-24.0,-0.71,2,433,356,3,4,2,1792,640,777,45.2,Bundesliga
Bayern Munich,28,26.6,64.2,34,374,3060,90,67,157,87,3,5,49,3,75.0,71.0,56.6,127.7,863,2041,2.65,1.97,4.62,2.56,4.53,2.2,1.67,3.87,2.09,3.75,054efa67,625,251,40.2,18.38,7.38,0.14,0.35,16.7,10,0.12,15.0,16.0,19404,22716,85.4,335478,115394,8781,9678,90.7,8580,9490,90.4,1653,2553,64.7,63.6,10.4,488,1561,474,70,21104,1528,378,78,115,603,657,229,92,106,4,84,312,1094,32.18,841,63,68,78,24,20,153,4.5,114,2,12,16,5,4,623,387,263,258,102,287,538,53.3,251,381,77,304,287,910,477,19,26741,2210,7657,12339,6998,1185,26736,912,466,51.1,362,39.7,17141,88991,44959,577,286,601,354,19261,2019,90,100,80,218,155,22,138,2.09,92,38,54,1.59,37.1,37.8,1.11,2,306,335,5,10,0,2085,471,381,55.3,Bundesliga
Bochum,26,29.4,46.1,34,374,3060,37,28,65,34,3,3,64,1,40.0,37.7,28.4,66.0,350,1022,1.09,0.82,1.91,1.0,1.82,1.18,0.83,2.01,1.11,1.94,b42c6323,397,127,32.0,11.68,3.74,0.09,0.27,18.1,11,0.1,-3.0,-3.7,9209,13549,68.0,185905,86106,3742,4704,79.5,3734,4954,75.4,1534,3145,48.8,31.4,-0.4,289,856,225,73,11775,1708,412,31,72,568,768,141,65,53,1,66,278,678,19.94,464,92,22,41,46,13,67,1.97,44,10,4,4,5,0,626,386,301,247,78,310,635,48.8,325,402,118,284,337,963,776,13,17478,2270,6243,7442,3956,661,17475,420,175,41.7,195,46.4,7951,40250,18371,274,86,500,258,9060,1007,90,100,81,216,157,21,144,1.03,40,72,-32,-0.94,65.7,-25.7,-0.76,0,429,354,3,14,3,1991,770,737,51.1,Bundesliga
Dortmund,30,25.8,58.2,34,374,3060,81,61,142,77,4,6,66,0,71.1,66.5,51.9,118.4,783,1628,2.38,1.79,4.18,2.26,4.06,2.09,1.53,3.62,1.96,3.48,add600ae,558,219,39.2,16.41,6.44,0.14,0.35,16.6,20,0.12,9.9,10.5,16445,19889,82.7,290786,100043,7277,8180,89.0,6704,7585,88.4,1853,2872,64.5,50.6,9.1,423,1265,341,78,18132,1716,475,44,213,677,699,227,73,112,4,41,376,1014,29.82,735,74,80,72,41,12,144,4.24,102,5,16,10,8,3,580,334,246,241,93,287,551,52.1,264,382,95,287,298,878,491,9,23758,2099,7166,10816,6011,944,23752,879,415,47.2,366,41.6,14458,75809,39242,514,205,483,356,16318,1614,90,100,81,224,151,23,152,2.09,83,44,39,1.15,43.2,27.9,0.82,0,322,407,6,1,1,1958,425,364,53.9,Bundesliga
Eint Frankfurt,28,26.4,52.9,34,374,3060,56,33,89,50,6,6,71,1,52.1,47.4,36.2,83.5,632,1372,1.65,0.97,2.62,1.47,2.44,1.53,1.06,2.6,1.39,2.46,f0ac8ee6,399,132,33.1,11.74,3.88,0.13,0.38,16.9,14,0.12,3.9,2.6,13930,17975,77.5,240605,87723,6239,7247,86.1,6164,7319,84.2,1196,2423,49.4,40.1,-3.2,289,1003,263,64,16179,1726,437,46,70,616,786,189,99,50,1,70,383,711,20.91,507,62,50,47,35,10,95,2.79,64,2,10,11,8,0,562,357,244,248,70,265,585,45.3,320,415,88,327,284,846,687,5,21945,2034,6815,10478,4867,850,21939,695,292,42.0,331,47.6,12138,61277,31167,431,220,533,293,13832,1361,90,100,82,227,148,19,158,1.47,58,52,6,0.18,43.5,8.6,0.25,1,429,377,6,2,1,2088,467,555,45.7,Bundesliga
Freiburg,27,27.4,48.1,34,374,3060,51,34,85,44,7,8,62,2,48.0,41.6,28.5,70.1,427,1039,1.5,1.0,2.5,1.29,2.29,1.41,0.84,2.25,1.22,2.06,a486e511,413,167,40.4,12.15,4.91,0.11,0.26,17.1,16,0.11,3.0,2.4,11653,15533,75.0,224503,85849,4532,5503,82.4,5212,6241,83.5,1565,2829,55.3,33.2,5.5,288,884,237,67,13934,1542,454,24,116,547,603,141,82,44,0,57,307,724,21.29,499,87,31,51,45,11,87,2.56,57,11,3,7,9,0,498,289,223,211,64,207,450,46.0,243,375,106,269,325,823,612,10,19065,2247,6546,8366,4295,722,19057,480,216,45.0,200,41.7,10112,53575,25969,297,108,444,240,11445,1027,90,100,83,215,157,16,148,1.74,51,44,7,0.21,48.8,-0.8,-0.02,1,404,424,7,6,0,1754,743,686,52.0,Bundesliga
Hertha BSC,32,26.0,42.0,34,374,3060,42,23,65,35,7,7,82,1,39.4,33.9,25.3,59.2,413,914,1.24,0.68,1.91,1.03,1.71,1.16,0.74,1.9,1.0,1.74,2818f8bc,377,121,32.1,11.09,3.56,0.09,0.29,18.4,11,0.09,2.6,1.1,8876,12800,69.3,165190,72608,3726,4615,80.7,3761,4869,77.2,1117,2467,45.3,26.7,-2.3,247,665,161,42,11022,1720,468,28,100,516,756,147,45,79,0,58,292,652,19.18,436,65,56,38,42,15,70,2.06,49,4,5,3,9,0,576,344,307,215,54,251,521,48.2,270,416,132,284,366,942,797,8,17023,2095,6263,7457,3531,612,17016,711,323,45.4,316,44.4,8139,43026,19959,269,132,521,301,8796,905,90,100,80,220,153,24,153,0.85,42,69,-27,-0.79,60.0,-20.5,-0.6,1,422,394,4,6,0,1835,633,701,47.5,Bundesliga
Hoffenheim,31,26.8,48.3,34,374,3060,46,30,76,39,7,9,80,5,48.0,41.1,32.4,73.4,457,1175,1.35,0.88,2.24,1.15,2.03,1.41,0.95,2.36,1.21,2.16,033ea6b8,398,130,32.7,11.71,3.82,0.1,0.3,17.3,16,0.1,-2.0,-2.1,11754,15564,75.5,218184,88463,4941,5830,84.8,5108,6136,83.2,1405,2668,52.7,39.6,-2.4,294,928,260,77,13750,1736,418,17,119,577,784,161,45,74,4,78,323,719,21.15,513,65,46,36,47,12,83,2.44,57,3,9,7,6,1,543,323,254,231,58,236,474,49.8,238,428,119,309,285,828,665,8,19434,2364,6926,8417,4271,705,19425,577,249,43.2,268,46.4,10627,53164,25890,330,138,551,258,11634,1168,90,100,80,214,157,23,148,1.06,48,57,-9,-0.26,51.1,-3.1,-0.09,3,471,368,7,3,1,1843,550,557,49.7,Bundesliga
Köln,27,26.0,49.9,34,374,3060,46,31,77,42,4,4,75,3,47.9,44.7,35.1,79.9,522,1247,1.35,0.91,2.26,1.24,2.15,1.41,1.03,2.44,1.32,2.35,bc357bf7,413,146,35.4,12.15,4.29,0.1,0.29,16.2,6,0.11,-1.9,-2.7,12242,16367,74.8,229690,84892,4634,5485,84.5,6017,7208,83.5,1352,2725,49.6,37.6,-4.1,307,840,259,84,14542,1757,409,20,62,790,811,205,87,81,0,68,409,705,20.74,505,78,37,50,27,8,78,2.29,57,4,5,7,5,0,615,370,287,263,65,310,666,46.5,356,423,99,324,372,987,716,5,20320,2232,7198,8697,4630,751,20316,521,226,43.4,236,45.3,11017,58246,28164,383,117,485,287,12123,1240,90,100,80,213,160,22,143,1.24,49,54,-5,-0.15,42.6,5.3,0.16,3,400,352,2,5,3,2022,659,608,52.0,Bundesliga
Leverkusen,27,24.7,52.0,34,374,3060,57,44,101,52,5,7,75,7,51.4,46.0,38.9,85.0,678,1243,1.68,1.29,2.97,1.53,2.82,1.51,1.15,2.66,1.35,2.5,c7a9f859,432,160,37.0,12.71,4.71,0.12,0.33,17.4,16,0.11,5.6,6.0,14683,18206,80.6,247352,87593,7075,8019,88.2,5908,6837,86.4,1279,2372,53.9,36.4,5.1,349,926,230,48,16529,1626,468,59,72,461,678,139,66,49,0,51,298,792,23.29,576,59,57,47,42,11,105,3.09,72,3,15,4,8,3,494,280,242,206,46,236,421,56.1,185,358,99,259,294,788,599,12,21877,2184,7160,10575,4338,702,21870,714,352,49.3,268,37.5,12070,67165,36395,469,187,524,327,14558,1232,90,100,82,218,150,20,155,1.47,57,49,8,0.24,42.8,8.6,0.25,3,382,409,6,7,2,1918,430,492,46.6,Bundesliga
M'Gladbach,27,26.8,53.7,34,374,3060,52,39,91,48,4,6,62,3,52.1,47.5,41.2,88.7,518,1168,1.53,1.15,2.68,1.41,2.56,1.53,1.21,2.74,1.4,2.61,32f3ee20,403,166,41.2,11.85,4.88,0.12,0.29,17.3,12,0.12,-0.1,0.5,15516,18854,82.3,267610,95706,7012,7776,90.2,6828,7668,89.0,1280,2371,54.0,39.9,-2.2,327,885,247,50,17035,1747,532,64,60,441,684,151,60,73,1,72,384,725,21.32,509,89,32,43,40,12,81,2.38,60,7,4,7,3,0,497,275,274,171,52,267,536,49.8,269,405,104,301,267,764,728,7,22583,2744,8415,10217,4133,720,22577,548,240,43.8,226,41.2,13046,62465,31728,396,143,493,304,15408,1159,90,100,86,241,133,12,173,1.26,52,55,-3,-0.09,53.4,-1.3,-0.04,1,338,447,3,6,1,1718,415,419,49.8,Bundesliga
Mainz 05,27,27.0,44.8,34,374,3060,54,35,89,50,4,6,69,1,47.1,42.4,30.0,72.4,364,1155,1.59,1.03,2.62,1.47,2.5,1.39,0.88,2.27,1.25,2.13,a224b06a,414,152,36.7,12.18,4.47,0.12,0.33,17.1,17,0.11,6.9,7.6,10075,14492,69.5,186572,81107,4418,5434,81.3,4059,5270,77.0,1293,2828,45.7,33.8,5.0,278,872,270,80,12764,1654,365,25,97,610,795,155,96,49,0,74,356,696,20.47,483,77,32,54,38,12,84,2.47,51,9,3,13,6,2,547,341,268,206,73,270,559,48.3,289,419,98,321,433,980,673,9,18471,1946,6200,8219,4257,780,18465,495,224,45.3,220,44.4,9265,44936,20625,275,106,552,251,9946,1139,90,100,81,215,160,20,143,1.35,54,55,-1,-0.03,53.6,-6.5,-0.19,0,476,334,5,8,0,2081,740,703,51.3,Bundesliga
RB Leipzig,25,26.3,58.1,34,374,3060,64,39,103,58,6,7,69,2,62.7,57.4,43.2,100.6,599,1450,1.88,1.15,3.03,1.71,2.85,1.84,1.27,3.11,1.69,2.96,acbb6a5b,497,182,36.6,14.62,5.35,0.12,0.32,17.5,18,0.12,1.3,0.6,16911,20529,82.4,297606,99659,7461,8392,88.9,7606,8572,88.7,1511,2537,59.6,48.2,-4.2,376,1237,320,53,18813,1636,437,99,120,489,748,167,50,74,2,80,400,874,25.71,629,70,55,63,46,11,108,3.18,76,5,6,10,9,2,534,312,237,231,66,253,512,49.4,259,428,94,334,310,844,552,3,24322,2220,7782,11436,5327,834,24315,697,345,49.5,270,38.7,15273,73350,36506,440,168,525,316,16801,1437,90,100,82,214,158,20,123,1.94,64,41,23,0.68,37.2,25.4,0.75,1,393,402,5,8,2,1966,440,433,50.4,Bundesliga
Schalke 04,35,27.5,46.0,34,374,3060,32,24,56,28,4,5,68,1,39.6,35.9,28.7,64.6,415,934,0.94,0.71,1.65,0.82,1.53,1.16,0.84,2.01,1.06,1.9,c539e393,421,123,29.2,12.38,3.62,0.07,0.23,17.7,19,0.09,-7.6,-7.9,9234,13360,69.1,182759,80288,3511,4414,79.5,4162,5223,79.7,1331,2803,47.5,31.4,-4.7,282,698,250,110,11517,1773,445,29,62,764,786,169,79,77,4,70,351,715,21.03,487,92,26,51,48,11,56,1.65,38,6,2,2,7,1,542,329,240,246,56,253,551,45.9,298,397,110,287,306,848,723,12,17260,2252,6541,7024,3912,677,17255,515,198,38.4,250,48.5,8384,42807,19961,295,66,513,274,9126,928,90,100,81,228,145,23,158,0.91,35,71,-36,-1.06,57.1,-17.6,-0.52,0,427,391,3,6,1,1896,692,739,48.4,Bundesliga
Stuttgart,30,24.7,50.2,34,374,3060,45,34,79,40,5,5,72,5,47.6,43.7,38.1,81.7,609,1278,1.32,1.0,2.32,1.18,2.18,1.4,1.12,2.52,1.28,2.4,598bc722,457,140,30.6,13.44,4.12,0.09,0.29,17.9,14,0.1,-2.6,-3.7,13460,16987,79.2,253792,92829,5463,6341,86.2,6101,7070,86.3,1637,2756,59.4,38.2,-4.1,361,970,260,78,15298,1633,450,37,188,597,711,156,57,83,0,56,310,810,23.82,561,85,52,54,46,12,83,2.44,64,3,5,4,5,2,528,316,255,207,66,268,524,51.1,256,421,113,308,308,836,666,10,20930,2407,7525,9226,4438,738,20925,734,337,45.9,319,43.5,11707,63068,31698,440,161,563,336,13345,1261,90,100,82,229,140,19,163,0.97,45,57,-12,-0.35,45.2,2.4,0.07,4,346,407,4,6,1,1989,547,470,53.8,Bundesliga
Union Berlin,28,27.9,43.8,34,374,3060,49,38,87,46,3,7,65,2,37.9,32.5,25.9,58.4,375,1012,1.44,1.12,2.56,1.35,2.47,1.12,0.76,1.88,0.95,1.72,7a41008f,374,113,30.2,11.0,3.32,0.12,0.41,17.9,5,0.09,11.1,13.5,10312,14418,71.5,197596,82612,4140,5021,82.5,4555,5629,80.9,1359,2892,47.0,30.5,12.1,272,878,255,115,12762,1594,378,26,46,708,763,165,78,60,0,62,329,650,19.12,469,67,29,32,43,10,86,2.53,56,11,3,5,9,2,494,278,217,216,61,239,525,45.5,286,356,101,255,262,756,704,6,17952,2108,6656,7246,4222,622,17945,415,182,43.9,180,43.4,9245,45321,21951,228,90,435,244,10177,990,90,100,82,207,165,18,141,1.82,51,38,13,0.38,42.6,-4.7,-0.14,1,445,345,4,7,0,1833,767,755,50.4,Bundesliga
Werder Bremen,25,27.4,49.3,34,374,3060,50,37,87,45,5,6,76,1,41.1,36.4,29.0,65.4,412,1140,1.47,1.09,2.56,1.32,2.41,1.21,0.85,2.06,1.07,1.92,62add3bf,363,136,37.5,10.68,4.0,0.12,0.33,17.9,18,0.1,8.9,8.6,12443,16554,75.2,236998,93050,5048,6006,84.0,5399,6523,82.8,1688,3071,55.0,34.6,8.0,274,922,274,66,14903,1586,449,39,164,514,639,109,27,53,1,65,324,649,19.09,502,46,30,25,41,5,90,2.65,71,6,3,4,6,0,595,349,269,273,53,300,617,48.6,317,371,103,268,321,916,789,7,20465,2390,7294,9382,3965,671,20459,516,233,45.2,228,44.2,10736,52169,25197,317,104,503,246,12329,1130,90,100,82,222,151,18,146,1.06,51,64,-13,-0.38,52.9,-11.8,-0.35,0,426,369,3,3,2,1987,631,622,50.4,Bundesliga
Wolfsburg,28,23.7,50.6,34,374,3060,55,44,99,51,4,7,63,0,51.3,45.8,39.2,84.9,455,1306,1.62,1.29,2.91,1.5,2.79,1.51,1.15,2.66,1.35,2.5,4eaa11d7,401,139,34.7,11.79,4.09,0.13,0.37,16.9,11,0.12,3.7,5.2,12571,16129,77.9,245765,94282,4610,5453,84.5,6097,7016,86.9,1638,2876,57.0,40.4,4.8,303,1009,272,67,14311,1768,544,38,133,568,696,153,107,38,0,50,315,713,20.97,510,63,40,46,47,7,102,3.0,75,7,6,5,9,0,543,324,255,206,82,265,521,50.9,256,443,116,327,290,833,701,9,20053,2304,7013,8781,4423,694,20046,600,256,42.7,268,44.7,11350,55720,28117,301,103,560,272,12444,1294,90,100,81,218,158,21,148,1.44,57,48,9,0.26,51.3,0.0,0.0,0,390,451,6,7,3,1800,525,546,49.0,Bundesliga
